"Model","Company","Price","Rating","No_of_ratings","TotalReviwes","Model_Only","Color","Price_Level","RamSize_inGB","RomSize_inGB","RamSize_Ori","RomSize_Ori","Is_5G"
"Infinix HOT 20 Play (Luna Blue, 64 GB)","Infinix",8199,4.3,505,52,"HOT 20 Play","Luna Blue","Medium",4,64,"4 GB","64 GB","No"
"MOTOROLA e40 (Carbon Gray, 64 GB)","MOTOROLA",7999,4.1,56085,5600,"e40","Carbon Gray","Medium",4,64,"4 GB","64 GB","No"
"MOTOROLA e40 (Pink Clay, 64 GB)","MOTOROLA",7999,4.1,56085,5600,"e40","Pink Clay","Medium",4,64,"4 GB","64 GB","No"
"POCO C31 (Shadow Gray, 64 GB)","POCO",7499,4.3,183688,11185,"C31","Shadow Gray","Medium",4,64,"4 GB","64 GB","No"
"MOTOROLA G32 (Mineral Gray, 64 GB)","MOTOROLA",9999,4.2,16249,1639,"G32","Mineral Gray","Medium",4,64,"4 GB","64 GB","No"
"REDMI 9i Sport (Carbon Black, 64 GB)","REDMI",7199,4.3,209377,12027,"9i Sport","Carbon Black","Medium",4,64,"4 GB","64 GB","No"
"REDMI 9i Sport (Coral Green, 64 GB)","REDMI",7199,4.3,209377,12027,"9i Sport","Coral Green","Medium",4,64,"4 GB","64 GB","No"
"POCO M4 Pro 5G (Cool Blue, 64 GB)","POCO",11999,4.3,33258,2972,"M4 Pro 5G","Cool Blue","Medium",4,64,"4 GB","64 GB","Yes"
"realme 9 5G (Stargaze White, 128 GB)","realme",16499,4.4,44415,2930,"9 5G","Stargaze White","High",6,128,"6 GB","128 GB","Yes"
"realme 9 5G (Supersonic Blue, 64 GB)","realme",14999,4.5,36109,2083,"9 5G","Supersonic Blue","High",4,64,"4 GB","64 GB","Yes"
"realme 9 5G (Meteor Black, 64 GB)","realme",14999,4.5,36109,2083,"9 5G","Meteor Black","High",4,64,"4 GB","64 GB","Yes"
"MOTOROLA G62 5G (Midnight Gray, 128 GB)","MOTOROLA",14999,4.1,8567,933,"G62 5G","Midnight Gray","High",6,128,"6 GB","128 GB","Yes"
"POCO M4 Pro 5G (Cool Blue, 128 GB)","POCO",13999,4.2,41124,3691,"M4 Pro 5G","Cool Blue","High",6,128,"6 GB","128 GB","Yes"
"MOTOROLA g52 (Metallic White, 128 GB)","MOTOROLA",12999,4.2,20882,2628,"g52","Metallic White","High",6,128,"6 GB","128 GB","No"
"realme 9 5G (Meteor Black, 128 GB)","realme",16499,4.4,44415,2930,"9 5G","Meteor Black","High",6,128,"6 GB","128 GB","Yes"
"SAMSUNG Galaxy F23 5G (Aqua Blue, 128 GB)","SAMSUNG",13999,4.2,32083,2613,"Galaxy F23 5G","Aqua Blue","High",4,128,"4 GB","128 GB","Yes"
"realme 9 5G (Supersonic Blue, 128 GB)","realme",16499,4.4,44415,2930,"9 5G","Supersonic Blue","High",6,128,"6 GB","128 GB","Yes"
"realme 9 5G (Stargaze White, 64 GB)","realme",14999,4.5,36109,2083,"9 5G","Stargaze White","High",4,64,"4 GB","64 GB","Yes"
"MOTOROLA g52 (Charcoal Grey, 128 GB)","MOTOROLA",12999,4.2,20882,2628,"g52","Charcoal Grey","High",6,128,"6 GB","128 GB","No"
"APPLE iPhone 14 (Starlight, 128 GB)","APPLE",73990,4.6,981,67,"iPhone 14","Starlight","Very High",0,128,"0 GB","128 GB","No"
"SAMSUNG Galaxy F23 5G (Forest Green, 128 GB)","SAMSUNG",14999,4.3,137778,11213,"Galaxy F23 5G","Forest Green","High",6,128,"6 GB","128 GB","Yes"
"APPLE iPhone 14 (Midnight, 128 GB)","APPLE",73990,4.6,981,67,"iPhone 14","Midnight","Very High",0,128,"0 GB","128 GB","No"
"vivo T1 5G (Starlight Black, 128 GB)","vivo",16990,4.4,157801,12539,"T1 5G","Starlight Black","High",6,128,"6 GB","128 GB","Yes"
"MOTOROLA G32 (Satin Silver, 64 GB)","MOTOROLA",9999,4.2,16249,1639,"G32","Satin Silver","Medium",4,64,"4 GB","64 GB","No"
"MOTOROLA G62 5G (Frosted Blue, 128 GB)","MOTOROLA",14999,4.1,8567,933,"G62 5G","Frosted Blue","High",6,128,"6 GB","128 GB","Yes"
"MOTOROLA g42 (Atlantic Green, 64 GB)","MOTOROLA",10999,4.1,3075,385,"g42","Atlantic Green","Medium",4,64,"4 GB","64 GB","No"
"APPLE iPhone 14 (Blue, 128 GB)","APPLE",73990,4.6,981,67,"iPhone 14","Blue","Very High",0,128,"0 GB","128 GB","No"
"realme 9 5G (Supersonic Black, 128 GB)","realme",16499,4.4,44415,2930,"9 5G","Supersonic Black","High",6,128,"6 GB","128 GB","Yes"
"APPLE iPhone 14 (Purple, 128 GB)","APPLE",73990,4.6,981,67,"iPhone 14","Purple","Very High",0,128,"0 GB","128 GB","No"
"Infinix HOT 20 Play (Racing Black, 64 GB)","Infinix",8199,4.3,505,52,"HOT 20 Play","Racing Black","Medium",4,64,"4 GB","64 GB","No"
"Infinix HOT 20 Play (Aurora Green, 64 GB)","Infinix",8199,4.3,505,52,"HOT 20 Play","Aurora Green","Medium",4,64,"4 GB","64 GB","No"
"Infinix HOT 20 Play (Fantasy Purple, 64 GB)","Infinix",8199,4.3,505,52,"HOT 20 Play","Fantasy Purple","Medium",4,64,"4 GB","64 GB","No"
"vivo T1 5G (Rainbow Fantasy, 128 GB)","vivo",16990,4.4,157801,12539,"T1 5G","Rainbow Fantasy","High",6,128,"6 GB","128 GB","Yes"
"vivo T1 5G (Rainbow Fantasy, 128 GB)","vivo",15990,4.3,59607,4787,"T1 5G","Rainbow Fantasy","High",4,128,"4 GB","128 GB","Yes"
"REDMI Note 11 SE (Cosmic White, 64 GB)","REDMI",16998,4.3,30409,1886,"Note 11 SE","Cosmic White","High",6,64,"6 GB","64 GB","No"
"REDMI 10 (Midnight Black, 64 GB)","REDMI",9999,4.3,165144,10864,"10","Midnight Black","Medium",4,64,"4 GB","64 GB","No"
"REDMI 10 (Pacific Blue, 64 GB)","REDMI",9999,4.3,165144,10864,"10","Pacific Blue","Medium",4,64,"4 GB","64 GB","No"
"POCO C31 (Royal Blue, 64 GB)","POCO",7499,4.3,183688,11185,"C31","Royal Blue","Medium",4,64,"4 GB","64 GB","No"
"POCO M4 5G (Cool Blue, 128 GB)","POCO",13999,4.2,22699,1884,"M4 5G","Cool Blue","High",6,128,"6 GB","128 GB","Yes"
"vivo T1X (Gravity Black, 64 GB)","vivo",11999,4.5,68117,3863,"T1X","Gravity Black","Medium",4,64,"4 GB","64 GB","No"
"vivo T1X (Space Blue, 64 GB)","vivo",11999,4.5,68117,3863,"T1X","Space Blue","Medium",4,64,"4 GB","64 GB","No"
"POCO M4 5G (Cool Blue, 64 GB)","POCO",11999,4.2,45400,3749,"M4 5G","Cool Blue","Medium",4,64,"4 GB","64 GB","Yes"
"POCO M4 5G (Power Black, 128 GB)","POCO",13999,4.2,22699,1884,"M4 5G","Power Black","High",6,128,"6 GB","128 GB","Yes"
"MOTOROLA g82 5G(White Lily, 128 GB)","MOTOROLA",18999,4.2,5211,703,"g82 5G(White Lily, 128 GB)","White Lily","Very High",6,128,"6 GB","128 GB","Yes"
"SAMSUNG Galaxy F23 5G (Forest Green, 128 GB)","SAMSUNG",13999,4.2,32083,2613,"Galaxy F23 5G","Forest Green","High",4,128,"4 GB","128 GB","Yes"
"vivo T1 5G (Starlight Black, 128 GB)","vivo",15990,4.3,59607,4787,"T1 5G","Starlight Black","High",4,128,"4 GB","128 GB","Yes"
"Infinix Smart 6 HD (Origin Blue, 32 GB)","Infinix",5799,4.4,15648,823,"Smart 6 HD","Origin Blue","Low",2,32,"2 GB","32 GB","No"
"MOTOROLA g22 (Iceberg Blue, 64 GB)","MOTOROLA",9499,3.7,26741,3220,"g22","Iceberg Blue","Medium",4,64,"4 GB","64 GB","No"
"Infinix Smart 6 HD (Aqua Sky, 32 GB)","Infinix",5799,4.4,15648,823,"Smart 6 HD","Aqua Sky","Low",2,32,"2 GB","32 GB","No"
"realme 9i (Prism Blue, 128 GB)","realme",12599,4.5,116293,6868,"9i","Prism Blue","High",4,128,"4 GB","128 GB","No"
"vivo T1X (Gravity Black, 128 GB)","vivo",12999,4.5,68117,3863,"T1X","Gravity Black","High",4,128,"4 GB","128 GB","No"
"vivo T1X (Space Blue, 128 GB)","vivo",12999,4.5,68117,3863,"T1X","Space Blue","High",4,128,"4 GB","128 GB","No"
"Infinix Hot 12 (Exploratory Blue, 64 GB)","Infinix",8899,4.2,14750,1095,"Hot 12","Exploratory Blue","Medium",4,64,"4 GB","64 GB","No"
"Infinix Hot 12 (7° Purple, 64 GB)","Infinix",8899,4.2,14750,1095,"Hot 12","7° Purple","Medium",4,64,"4 GB","64 GB","No"
"Infinix Smart 6 HD (Force Black, 32 GB)","Infinix",5799,4.4,15648,823,"Smart 6 HD","Force Black","Low",2,32,"2 GB","32 GB","No"
"REDMI 10 (Caribbean Green, 64 GB)","REDMI",9999,4.3,165144,10864,"10","Caribbean Green","Medium",4,64,"4 GB","64 GB","No"
"realme 9i (Prism Blue, 128 GB)","realme",13599,4.5,25752,1531,"9i","Prism Blue","High",6,128,"6 GB","128 GB","No"
"realme 9i (Prism Black, 128 GB)","realme",12599,4.5,116293,6868,"9i","Prism Black","High",4,128,"4 GB","128 GB","No"
"vivo T1 44W (Starry Sky, 128 GB)","vivo",14499,4.5,74897,5493,"T1 44W","Starry Sky","High",4,128,"4 GB","128 GB","No"
"vivo T1 44W (Midnight Galaxy, 128 GB)","vivo",14499,4.5,74897,5493,"T1 44W","Midnight Galaxy","High",4,128,"4 GB","128 GB","No"
"Nokia 105 SS","Nokia",1299,4.2,24816,1801,"105 SS",NA,"Low",0.032,0.032,"32 MB","32 MB","No"
"MOTOROLA g42 (Metallic Rose, 64 GB)","MOTOROLA",10999,4.1,3075,385,"g42","Metallic Rose","Medium",4,64,"4 GB","64 GB","No"
"APPLE iPhone 13 (Pink, 128 GB)","APPLE",60999,4.7,177611,9781,"iPhone 13","Pink","Very High",0,128,"0 GB","128 GB","No"
"MOTOROLA g72 (Polar Blue, 128 GB)","MOTOROLA",14999,4.1,4878,776,"g72","Polar Blue","High",6,128,"6 GB","128 GB","No"
"POCO M4 Pro 5G (Yellow, 64 GB)","POCO",11999,4.3,33258,2972,"M4 Pro 5G","Yellow","Medium",4,64,"4 GB","64 GB","Yes"
"MOTOROLA g82 5G (Meterorite Grey, 128 GB)","MOTOROLA",20499,4.1,3123,411,"g82 5G","Meterorite Grey","Very High",8,128,"8 GB","128 GB","Yes"
"vivo T1X (Space Blue, 128 GB)","vivo",14999,4.4,3415,211,"T1X","Space Blue","High",6,128,"6 GB","128 GB","No"
"POCO M4 Pro (Power Black, 128 GB)","POCO",16499,4.3,130276,11960,"M4 Pro","Power Black","High",6,128,"6 GB","128 GB","No"
"Infinix Smart 6 Plus (Tranquil Sea Blue, 64 GB)","Infinix",7599,4.2,9919,738,"Smart 6 Plus","Tranquil Sea Blue","Medium",3,64,"3 GB","64 GB","No"
"vivo T1 44W (Midnight Galaxy, 128 GB)","vivo",15999,4.4,43289,3353,"T1 44W","Midnight Galaxy","High",6,128,"6 GB","128 GB","No"
"vivo T1 44W (Starry Sky, 128 GB)","vivo",15999,4.4,43289,3353,"T1 44W","Starry Sky","High",6,128,"6 GB","128 GB","No"
"realme 10 Pro 5G (Dark Matter, 128 GB)","realme",18999,4.4,3410,339,"10 Pro 5G","Dark Matter","Very High",6,128,"6 GB","128 GB","Yes"
"realme 10 Pro 5G (Nebula Blue, 128 GB)","realme",19999,4.4,1963,193,"10 Pro 5G","Nebula Blue","Very High",8,128,"8 GB","128 GB","Yes"
"Infinix Hot 12 (Polar Black, 64 GB)","Infinix",8899,4.2,14750,1095,"Hot 12","Polar Black","Medium",4,64,"4 GB","64 GB","No"
"SAMSUNG Galaxy F13 (Nightsky Green, 128 GB)","SAMSUNG",12999,4.4,108205,6211,"Galaxy F13","Nightsky Green","High",4,128,"4 GB","128 GB","No"
"realme 9 (Sunburst Gold, 128 GB)","realme",14599,4.4,55583,4035,"9","Sunburst Gold","High",6,128,"6 GB","128 GB","No"
"realme 9 (Meteor Black, 128 GB)","realme",14599,4.4,55583,4035,"9","Meteor Black","High",6,128,"6 GB","128 GB","No"
"realme 9 (Stargaze White, 128 GB)","realme",14599,4.4,55583,4035,"9","Stargaze White","High",6,128,"6 GB","128 GB","No"
"MOTOROLA g82 5G (Meterorite Grey, 128 GB)","MOTOROLA",18999,4.2,5211,703,"g82 5G","Meterorite Grey","Very High",6,128,"6 GB","128 GB","Yes"
"POCO M4 Pro 5G (Power Black, 128 GB)","POCO",14999,4.2,7856,692,"M4 Pro 5G","Power Black","High",8,128,"8 GB","128 GB","Yes"
"APPLE iPhone 13 (Starlight, 128 GB)","APPLE",60999,4.7,177611,9781,"iPhone 13","Starlight","Very High",0,128,"0 GB","128 GB","No"
"vivo T1 5G (Silky White, 128 GB)","vivo",16990,4.4,157801,12539,"T1 5G","Silky White","High",6,128,"6 GB","128 GB","Yes"
"POCO M4 Pro 5G (Cool Blue, 128 GB)","POCO",14999,4.2,7856,692,"M4 Pro 5G","Cool Blue","High",8,128,"8 GB","128 GB","Yes"
"REDMI 9i Sport (Metallic Blue, 64 GB)","REDMI",7199,4.3,209377,12027,"9i Sport","Metallic Blue","Medium",4,64,"4 GB","64 GB","No"
"SAMSUNG Galaxy F13 (Sunrise Copper, 128 GB)","SAMSUNG",12999,4.4,108205,6211,"Galaxy F13","Sunrise Copper","High",4,128,"4 GB","128 GB","No"
"MOTOROLA g82 5G (White Lily, 128 GB)","MOTOROLA",20499,4.1,3123,411,"g82 5G","White Lily","Very High",8,128,"8 GB","128 GB","Yes"
"APPLE iPhone 12 mini (Black, 64 GB)","APPLE",37999,4.5,123326,9923,"iPhone 12 mini","Black","Very High",0,64,"0 GB","64 GB","No"
"MOTOROLA g31 (Meteorite Grey, 64 GB)","MOTOROLA",9999,4.2,31884,3711,"g31","Meteorite Grey","Medium",4,64,"4 GB","64 GB","No"
"MOTOROLA G62 5G (Midnight Gray, 128 GB)","MOTOROLA",16999,4.1,1949,229,"G62 5G","Midnight Gray","High",8,128,"8 GB","128 GB","Yes"
"realme C30 (Denim Black, 32 GB)","realme",5999,4.3,66939,3492,"C30","Denim Black","Low",2,32,"2 GB","32 GB","No"
"realme C30 (Lake Blue, 32 GB)","realme",5999,4.3,66939,3492,"C30","Lake Blue","Low",2,32,"2 GB","32 GB","No"
"SAMSUNG Galaxy F13 (Waterfall Blue, 128 GB)","SAMSUNG",12999,4.4,108205,6211,"Galaxy F13","Waterfall Blue","High",4,128,"4 GB","128 GB","No"
"APPLE iPhone 14 (Midnight, 256 GB)","APPLE",83990,4.6,981,67,"iPhone 14","Midnight","Very High",0,256,"0 GB","256 GB","No"
"POCO X4 Pro 5G (Laser Blue, 128 GB)","POCO",19999,4.2,61334,6308,"X4 Pro 5G","Laser Blue","Very High",6,128,"6 GB","128 GB","Yes"
"MOTOROLA g72 (Meteorite Grey, 128 GB)","MOTOROLA",14999,4.1,4878,776,"g72","Meteorite Grey","High",6,128,"6 GB","128 GB","No"
"MOTOROLA g31 (Baby Blue, 128 GB)","MOTOROLA",11999,4.1,12475,1337,"g31","Baby Blue","Medium",6,128,"6 GB","128 GB","No"
"APPLE iPhone 13 (Midnight, 128 GB)","APPLE",60999,4.7,177611,9781,"iPhone 13","Midnight","Very High",0,128,"0 GB","128 GB","No"
"SAMSUNG Galaxy S21 FE 5G (Olive, 128 GB)","SAMSUNG",35999,4.4,29082,3001,"Galaxy S21 FE 5G","Olive","Very High",8,128,"8 GB","128 GB","Yes"
"POCO M3 Pro 5G (Yellow, 128 GB)","POCO",15499,4.2,52420,4434,"M3 Pro 5G","Yellow","High",6,128,"6 GB","128 GB","Yes"
"OPPO K10 (Black Carbon, 128 GB)","OPPO",13990,4.4,95135,7013,"K10","Black Carbon","High",6,128,"6 GB","128 GB","No"
"realme 9 (Stargaze White, 128 GB)","realme",15599,4.4,20705,1568,"9","Stargaze White","High",8,128,"8 GB","128 GB","No"
"OPPO K10 (Blue Flame, 128 GB)","OPPO",13990,4.4,95135,7013,"K10","Blue Flame","High",6,128,"6 GB","128 GB","No"
"APPLE iPhone 14 (Starlight, 256 GB)","APPLE",83990,4.6,981,67,"iPhone 14","Starlight","Very High",0,256,"0 GB","256 GB","No"
"REDMI 10 (Pacific Blue, 128 GB)","REDMI",11999,4.2,21630,1610,"10","Pacific Blue","Medium",6,128,"6 GB","128 GB","No"
"MOTOROLA g31 (Baby Blue, 64 GB)","MOTOROLA",9999,4.2,31884,3711,"g31","Baby Blue","Medium",4,64,"4 GB","64 GB","No"
"Infinix Note 12 5G (Force Black, 64 GB)","Infinix",12999,4.2,10906,1285,"Note 12 5G","Force Black","High",6,64,"6 GB","64 GB","Yes"
"MOTOROLA Edge 30 (Aurora Green, 128 GB)","MOTOROLA",24999,4.1,3589,526,"Edge 30","Aurora Green","Very High",8,128,"8 GB","128 GB","No"
"Infinix Note 12 (Jewel Blue, 64 GB)","Infinix",9999,4.2,22608,2286,"Note 12","Jewel Blue","Medium",4,64,"4 GB","64 GB","No"
"Infinix Note 12 (Force Black, 64 GB)","Infinix",9999,4.2,22608,2286,"Note 12","Force Black","Medium",4,64,"4 GB","64 GB","No"
"APPLE iPhone 11 (White, 64 GB)","APPLE",39999,4.6,176742,10518,"iPhone 11","White","Very High",0,64,"0 GB","64 GB","No"
"realme C30 (Lake Blue, 32 GB)","realme",6999,4.1,32757,2159,"C30","Lake Blue","Medium",3,32,"3 GB","32 GB","No"
"realme C30 (Denim Black, 32 GB)","realme",6999,4.1,32757,2159,"C30","Denim Black","Medium",3,32,"3 GB","32 GB","No"
"realme 9 5G (Supersonic Black, 64 GB)","realme",14999,4.5,36109,2083,"9 5G","Supersonic Black","High",4,64,"4 GB","64 GB","Yes"
"OPPO F19 Pro+ 5G (Space Silver, 128 GB)","OPPO",19990,4.3,24287,2518,"F19 Pro+ 5G","Space Silver","Very High",8,128,"8 GB","128 GB","Yes"
"POCO M4 Pro (Power Black, 64 GB)","POCO",14999,4.3,130276,11960,"M4 Pro","Power Black","High",6,64,"6 GB","64 GB","No"
"Micromax IN 2C (Silver, 32 GB)","Micromax",5999,4.2,2047,262,"IN 2C","Silver","Low",3,32,"3 GB","32 GB","No"
"MOTOROLA Edge 30 (Meteor Grey, 128 GB)","MOTOROLA",24999,4.1,3589,526,"Edge 30","Meteor Grey","Very High",8,128,"8 GB","128 GB","No"
"REDMI A1 (Black, 32 GB)","REDMI",6490,4.2,1893,141,"A1","Black","Low",2,32,"2 GB","32 GB","No"
"vivo T1 44W (Midnight Galaxy, 128 GB)","vivo",17999,4.3,5156,440,"T1 44W","Midnight Galaxy","Very High",8,128,"8 GB","128 GB","No"
"MOTOROLA G51 5G (Bright Silver, 64 GB)","MOTOROLA",12999,4.1,16473,2057,"G51 5G","Bright Silver","High",4,64,"4 GB","64 GB","Yes"
"realme C31 (Dark Green, 64 GB)","realme",8999,4.4,56801,2730,"C31","Dark Green","Medium",4,64,"4 GB","64 GB","No"
"POCO M4 Pro (Yellow, 128 GB)","POCO",16499,4.3,130276,11960,"M4 Pro","Yellow","High",6,128,"6 GB","128 GB","No"
"APPLE iPhone 14 (Blue, 256 GB)","APPLE",83990,4.6,981,67,"iPhone 14","Blue","Very High",0,256,"0 GB","256 GB","No"
"REDMI 10 (Caribbean Green, 128 GB)","REDMI",11999,4.2,21630,1610,"10","Caribbean Green","Medium",6,128,"6 GB","128 GB","No"
"REDMI 10A (Charcoal Black, 64 GB)","REDMI",8690,4.2,7695,484,"10A","Charcoal Black","Medium",4,64,"4 GB","64 GB","No"
"Tecno Spark 8T (Atlantic Blue, 64 GB)","Tecno",10490,4.2,348,34,"Spark 8T","Atlantic Blue","Medium",4,64,"4 GB","64 GB","No"
"Micromax X412","Micromax",934,3.9,14193,1243,"X412",NA,"Low",0.032,0.032,"32 MB","32 MB","No"
"SAMSUNG Galaxy F13 (Sunrise Copper, 64 GB)","SAMSUNG",11999,4.4,108205,6211,"Galaxy F13","Sunrise Copper","Medium",4,64,"4 GB","64 GB","No"
"REDMI 10A (Sea Blue, 64 GB)","REDMI",8746,4.2,5010,325,"10A","Sea Blue","Medium",4,64,"4 GB","64 GB","No"
"POCO M4 Pro (Yellow, 128 GB)","POCO",17999,4.3,12383,1095,"M4 Pro","Yellow","Very High",8,128,"8 GB","128 GB","No"
"POCO M4 5G (Yellow, 128 GB)","POCO",13999,4.2,22699,1884,"M4 5G","Yellow","High",6,128,"6 GB","128 GB","Yes"
"REDMI 10A (Sea Blue, 32 GB)","REDMI",7890,4.1,749,53,"10A","Sea Blue","Medium",3,32,"3 GB","32 GB","No"
"REDMI 10A (Sea Blue, 64 GB)","REDMI",8649,4.2,5010,325,"10A","Sea Blue","Medium",4,64,"4 GB","64 GB","No"
"realme C31 (Dark Green, 32 GB)","realme",8299,4.5,45218,1790,"C31","Dark Green","Medium",3,32,"3 GB","32 GB","No"
"SAMSUNG Galaxy F23 5G (Copper Blush, 128 GB)","SAMSUNG",14999,4.3,137778,11213,"Galaxy F23 5G","Copper Blush","High",6,128,"6 GB","128 GB","Yes"
"Infinix Note 12 5G (Snowfall, 64 GB)","Infinix",12999,4.2,10906,1285,"Note 12 5G","Snowfall","High",6,64,"6 GB","64 GB","Yes"
"SAMSUNG Galaxy F13 (Nightsky Green, 64 GB)","SAMSUNG",11999,4.4,108205,6211,"Galaxy F13","Nightsky Green","Medium",4,64,"4 GB","64 GB","No"
"Infinix Smart 6 (Light Sea Green, 64 GB)","Infinix",6499,4.3,27687,1913,"Smart 6","Light Sea Green","Low",2,64,"2 GB","64 GB","No"
"SAMSUNG Galaxy M04 (Light Green, 64 GB)","SAMSUNG",9444,4.8,14,0,"Galaxy M04","Light Green","Medium",4,64,"4 GB","64 GB","No"
"POCO M4 Pro (Cool Blue, 128 GB)","POCO",16499,4.3,130276,11960,"M4 Pro","Cool Blue","High",6,128,"6 GB","128 GB","No"
"POCO X4 Pro 5G (Laser Black, 128 GB)","POCO",19999,4.2,61334,6308,"X4 Pro 5G","Laser Black","Very High",6,128,"6 GB","128 GB","Yes"
"Infinix Hot 12 Pro (Lightsaber Green, 64 GB)","Infinix",9999,4.2,5542,324,"Hot 12 Pro","Lightsaber Green","Medium",6,64,"6 GB","64 GB","No"
"Infinix Hot 12 Pro (Halo White, 128 GB)","Infinix",11999,4,3969,355,"Hot 12 Pro","Halo White","Medium",8,128,"8 GB","128 GB","No"
"POCO X4 Pro 5G (Yellow, 128 GB)","POCO",19999,4.2,61334,6308,"X4 Pro 5G","Yellow","Very High",6,128,"6 GB","128 GB","Yes"
"realme C35 (Glowing Green, 64 GB)","realme",11999,4.4,159779,9431,"C35","Glowing Green","Medium",4,64,"4 GB","64 GB","No"
"vivo T1 5G (Rainbow Fantasy, 128 GB)","vivo",19990,4.3,14894,1303,"T1 5G","Rainbow Fantasy","Very High",8,128,"8 GB","128 GB","Yes"
"Infinix Smart 6 (Heart Of Ocean, 64 GB)","Infinix",6499,4.3,27687,1913,"Smart 6","Heart Of Ocean","Low",2,64,"2 GB","64 GB","No"
"Infinix Smart 6 (Starry Purple, 64 GB)","Infinix",6499,4.3,27687,1913,"Smart 6","Starry Purple","Medium",2,64,"2 GB","64 GB","No"
"REDMI 10A (Sea Blue, 64 GB)","REDMI",9499,4.2,7695,484,"10A","Sea Blue","Medium",4,64,"4 GB","64 GB","No"
"Nokia 150 TA-1235 DS","Nokia",2499,4.1,11975,878,"150 TA-1235 DS",NA,"Low",0.004,0.004,"4 MB","4 MB","No"
"realme C31 (Light Silver, 64 GB)","realme",8999,4.4,56801,2730,"C31","Light Silver","Medium",4,64,"4 GB","64 GB","No"
"realme C31 (Light Silver, 32 GB)","realme",9299,4.5,45218,1790,"C31","Light Silver","Medium",3,32,"3 GB","32 GB","No"
"POCO M4 Pro (Power Black, 128 GB)","POCO",17999,4.3,12383,1095,"M4 Pro","Power Black","Very High",8,128,"8 GB","128 GB","No"
"LAVA A3","LAVA",1212,4.2,27114,2792,"A3",NA,"Low",0.004,0.003,"4 MB","3 MB","No"
"realme 10 Pro 5G (Hyperspace, 128 GB)","realme",19999,4.4,1963,193,"10 Pro 5G","Hyperspace","Very High",8,128,"8 GB","128 GB","Yes"
"APPLE iPhone 11 (Black, 64 GB)","APPLE",39999,4.6,176742,10518,"iPhone 11","Black","Very High",0,64,"0 GB","64 GB","No"
"SAMSUNG GURU MUSIC 2","SAMSUNG",2075,4.1,3092,256,"GURU MUSIC 2",NA,"Low",0.008,0,"8 MB","0 GB","No"
"realme C35 (Glowing Black, 128 GB)","realme",12999,4.4,159779,9431,"C35","Glowing Black","High",4,128,"4 GB","128 GB","No"
"Infinix Note 12 Pro 5G (Snowfall, 128 GB)","Infinix",16999,4.1,15545,2023,"Note 12 Pro 5G","Snowfall","High",8,128,"8 GB","128 GB","Yes"
"Nokia 150 DS 2020","Nokia",2499,4.1,20173,1585,"150 DS 2020",NA,"Low",0.004,0.004,"4 MB","4 MB","No"
"SAMSUNG Galaxy F13 (Waterfall Blue, 64 GB)","SAMSUNG",11999,4.4,108205,6211,"Galaxy F13","Waterfall Blue","Medium",4,64,"4 GB","64 GB","No"
"SAMSUNG Galaxy F23 5G (Copper Blush, 128 GB)","SAMSUNG",13999,4.2,32083,2613,"Galaxy F23 5G","Copper Blush","High",4,128,"4 GB","128 GB","Yes"
"Realme C30 - Locked with Airtel Prepaid (Lake Blue, 32 GB)","Realme",5499,4.3,66939,3492,"C30 - Locked with Airtel Prepaid","Lake Blue","Low",2,32,"2 GB","32 GB","No"
"Nokia 105 TA-1416 DS","Nokia",1449,4.1,4334,319,"105 TA-1416 DS",NA,"Low",0.032,0.032,"32 MB","32 MB","No"
"POCO M4 Pro 5G (Power Black, 128 GB)","POCO",13999,4.2,41124,3691,"M4 Pro 5G","Power Black","High",6,128,"6 GB","128 GB","Yes"
"Infinix Note 12 Pro 5G (Force Black, 128 GB)","Infinix",16999,4.1,15545,2023,"Note 12 Pro 5G","Force Black","High",8,128,"8 GB","128 GB","Yes"
"SAMSUNG GALAXY M13 5G (Aqua Green, 128 GB)","SAMSUNG",14988,4.1,402,28,"GALAXY M13 5G","Aqua Green","High",6,128,"6 GB","128 GB","Yes"
"POCO C31 (Shadow Gray, 32 GB)","POCO",6999,4.3,123512,7402,"C31","Shadow Gray","Medium",3,32,"3 GB","32 GB","No"
"vivo T1 Pro 5G (Turbo Black, 128 GB)","vivo",23999,4.4,7325,702,"T1 Pro 5G","Turbo Black","Very High",6,128,"6 GB","128 GB","Yes"
"REDMI 10 Prime (Bifrost Blue, 128 GB)","REDMI",12999,4.2,10213,748,"10 Prime","Bifrost Blue","High",6,128,"6 GB","128 GB","No"
"SAMSUNG Galaxy S21 FE 5G (Lavender, 128 GB)","SAMSUNG",35999,4.4,29082,3001,"Galaxy S21 FE 5G","Lavender","Very High",8,128,"8 GB","128 GB","Yes"
"MOTOROLA G60 (Moonless, 128 GB)","MOTOROLA",15999,4.2,131824,13360,"G60","Moonless","High",6,128,"6 GB","128 GB","No"
"Nothing Phone (1) (White, 256 GB)","Nothing",35499,4.3,5975,693,"Phone (White, 256 GB)","White","Very High",12,256,"12 GB","256 GB","No"
"Nothing Phone (1) (Black, 256 GB)","Nothing",27499,4.3,39201,5306,"Phone (Black, 256 GB)","Black","Very High",8,256,"8 GB","256 GB","No"
"Infinix Smart 6 (Polar Black, 64 GB)","Infinix",6499,4.3,27687,1913,"Smart 6","Polar Black","Medium",2,64,"2 GB","64 GB","No"
"REDMI 10 Prime (Astral White, 128 GB)","REDMI",12999,4.2,10213,748,"10 Prime","Astral White","High",6,128,"6 GB","128 GB","No"
"Nokia 105 PLUS","Nokia",1399,4.1,5686,404,"105 PLUS",NA,"Low",0.004,0.004,"4 MB","4 MB","No"
"itel It2171","itel",999,4.1,3569,328,"It2171",NA,"Low",0.032,0.032,"32 MB","32 MB","No"
"Micromax X412","Micromax",953,3.9,14193,1243,"X412",NA,"Low",0.032,0.032,"32 MB","32 MB","No"
"MOTOROLA g52 (Charcoal Grey, 64 GB)","MOTOROLA",11999,4.2,8442,1070,"g52","Charcoal Grey","Medium",4,64,"4 GB","64 GB","No"
"APPLE iPhone 13 ((PRODUCT)RED, 128 GB)","APPLE",60999,4.7,177611,9781,"iPhone 13RED, 128 GB)",NA,"Very High",0,128,"0 GB","128 GB","No"
"realme C33 (Night Sea, 32 GB)","realme",8999,4.4,16512,699,"C33","Night Sea","Medium",3,32,"3 GB","32 GB","No"
"realme C11 2021 (Cool Grey, 32 GB)","realme",7499,4.4,233435,10147,"C11 2021","Cool Grey","Medium",2,32,"2 GB","32 GB","No"
"vivo T1 44W (Starry Sky, 128 GB)","vivo",17999,4.3,5156,440,"T1 44W","Starry Sky","Very High",8,128,"8 GB","128 GB","No"
"realme C33 (Aqua Blue, 32 GB)","realme",8999,4.4,16512,699,"C33","Aqua Blue","Medium",3,32,"3 GB","32 GB","No"
"realme C33 (Sandy Gold, 32 GB)","realme",8999,4.4,16512,699,"C33","Sandy Gold","Medium",3,32,"3 GB","32 GB","No"
"POCO C50 (Country Green, 32 GB)","POCO",7299,2.7,3,0,"C50","Country Green","Medium",3,32,"3 GB","32 GB","No"
"POCO M4 Pro 5G (Yellow, 128 GB)","POCO",14999,4.2,7856,692,"M4 Pro 5G","Yellow","High",8,128,"8 GB","128 GB","Yes"
"Infinix HOT 12 Play (Racing Black, 64 GB)","Infinix",8699,4.3,108143,8028,"HOT 12 Play","Racing Black","Medium",4,64,"4 GB","64 GB","No"
"Infinix HOT 12 Play (Daylight Green, 64 GB)","Infinix",8699,4.3,108143,8028,"HOT 12 Play","Daylight Green","Medium",4,64,"4 GB","64 GB","No"
"Infinix HOT 12 Play (Horizon Blue, 64 GB)","Infinix",8699,4.3,108143,8028,"HOT 12 Play","Horizon Blue","Medium",4,64,"4 GB","64 GB","No"
"Infinix HOT 12 Play (Champagne Gold, 64 GB)","Infinix",8699,4.3,108143,8028,"HOT 12 Play","Champagne Gold","Medium",4,64,"4 GB","64 GB","No"
"REDMI A1 (Light Green, 32 GB)","REDMI",6335,4.2,1893,141,"A1","Light Green","Low",2,32,"2 GB","32 GB","No"
"realme 9i 5G (Metallica Gold, 64 GB)","realme",14999,4.5,37211,1725,"9i 5G","Metallica Gold","High",4,64,"4 GB","64 GB","Yes"
"realme 9i 5G (Soulful Blue, 64 GB)","realme",14999,4.5,37211,1725,"9i 5G","Soulful Blue","High",4,64,"4 GB","64 GB","Yes"
"realme 9i 5G (Rocking Black, 64 GB)","realme",14999,4.5,37211,1725,"9i 5G","Rocking Black","High",4,64,"4 GB","64 GB","Yes"
"vivo Y16 (Drizzling Gold, 64 GB)","vivo",10499,4.3,776,58,"Y16","Drizzling Gold","Medium",3,64,"3 GB","64 GB","No"
"Infinix Hot 12 Pro (Electric Blue, 64 GB)","Infinix",9999,4.2,5542,324,"Hot 12 Pro","Electric Blue","Medium",6,64,"6 GB","64 GB","No"
"POCO X4 Pro 5G (Laser Black, 128 GB)","POCO",21999,4.1,14202,1467,"X4 Pro 5G","Laser Black","Very High",8,128,"8 GB","128 GB","Yes"
"REDMI 10A (Slate grey, 64 GB)","REDMI",8488,4.2,7695,484,"10A","Slate grey","Medium",4,64,"4 GB","64 GB","No"
"REDMI 10A (Charcoal Black, 32 GB)","REDMI",7990,4.1,1550,103,"10A","Charcoal Black","Medium",3,32,"3 GB","32 GB","No"
"Tecno Spark 8T (Turquoise Cyan, 64 GB)","Tecno",8985,4.2,348,34,"Spark 8T","Turquoise Cyan","Medium",4,64,"4 GB","64 GB","No"
"Infinix Note 12 TURBO (Snowfall, 128 GB)","Infinix",13999,4.2,7196,925,"Note 12 TURBO","Snowfall","High",8,128,"8 GB","128 GB","No"
"Infinix Note 12 (Jewel Blue, 128 GB)","Infinix",11999,4.2,11430,1103,"Note 12","Jewel Blue","Medium",6,128,"6 GB","128 GB","No"
"Infinix Note 12 (Force Black, 128 GB)","Infinix",11999,4.2,11430,1103,"Note 12","Force Black","Medium",6,128,"6 GB","128 GB","No"
"KARBONN KX3","KARBONN",998,4,1915,134,"KX3",NA,"Low",0.031,0.032,"31 MB","32 MB","No"
"APPLE iPhone 14 (Purple, 256 GB)","APPLE",83990,4.6,981,67,"iPhone 14","Purple","Very High",0,256,"0 GB","256 GB","No"
"LAVA Flip","LAVA",1879,4.1,13313,1282,"Flip",NA,"Low",0.032,0.032,"32 MB","32 MB","No"
"MOTOROLA Edge 30 Pro (Cosmos Blue, 128 GB)","MOTOROLA",34999,4,1010,179,"Edge 30 Pro","Cosmos Blue","Very High",8,128,"8 GB","128 GB","No"
"Realme C30 - Locked with Airtel Prepaid (Bamboo Green, 32 GB)","Realme",5499,4.3,66939,3492,"C30 - Locked with Airtel Prepaid","Bamboo Green","Low",2,32,"2 GB","32 GB","No"
"Realme C30 - Locked with Airtel Prepaid (Denim Black, 32 GB)","Realme",5499,4.3,66939,3492,"C30 - Locked with Airtel Prepaid","Denim Black","Low",2,32,"2 GB","32 GB","No"
"Nokia 110 TA-1302 DS","Nokia",1715,4,24647,1954,"110 TA-1302 DS",NA,"Low",0.004,0.004,"4 MB","4 MB","No"
"REDMI Note 10T 5G (Mint Green, 128 GB)","REDMI",16999,4.2,30870,2392,"Note 10T 5G","Mint Green","High",6,128,"6 GB","128 GB","Yes"
"POCO X4 Pro 5G (Laser Blue, 128 GB)","POCO",21999,4.1,14202,1467,"X4 Pro 5G","Laser Blue","Very High",8,128,"8 GB","128 GB","Yes"
"realme C33 (Aqua Blue, 64 GB)","realme",9999,4.5,52460,2270,"C33","Aqua Blue","Medium",4,64,"4 GB","64 GB","No"
"realme C33 (Sandy Gold, 64 GB)","realme",9999,4.5,52460,2270,"C33","Sandy Gold","Medium",4,64,"4 GB","64 GB","No"
"realme C33 (Night Sea, 64 GB)","realme",9999,4.5,52460,2270,"C33","Night Sea","Medium",4,64,"4 GB","64 GB","No"
"itel Ace2 Star","itel",899,4.4,46,4,"Ace2 Star",NA,"Low",0.004,0.004,"4 MB","4 MB","No"
"MOTOROLA G60 (Frosted Champagne, 128 GB)","MOTOROLA",15999,4.2,131824,13360,"G60","Frosted Champagne","High",6,128,"6 GB","128 GB","No"
"Micromax X415","Micromax",936,3.9,747,66,"X415",NA,"Low",0.032,0.032,"32 MB","32 MB","No"
"OPPO F19 (Midnight Blue, 128 GB)","OPPO",15490,4.3,22833,1669,"F19","Midnight Blue","High",6,128,"6 GB","128 GB","No"
"REDMI Note 11 SE (Bifrost Blue, 64 GB)","REDMI",16998,4.3,30409,1886,"Note 11 SE","Bifrost Blue","High",6,64,"6 GB","64 GB","No"
"Infinix Note 11s Free Fire Edition (Haze Green, 128 GB)","Infinix",15999,4.2,7333,980,"Note 11s Free Fire Edition","Haze Green","High",8,128,"8 GB","128 GB","No"
"OPPO F19 (Prism Black, 128 GB)","OPPO",15490,4.3,22833,1669,"F19","Prism Black","High",6,128,"6 GB","128 GB","No"
"Micromax X512","Micromax",1119,4.1,258,16,"X512",NA,"Low",0.03,0.024,"30 MB","24 MB","No"
"Google Pixel 6a (Charcoal, 128 GB)","Google",29999,4.3,22516,2917,"Pixel 6a","Charcoal","Very High",6,128,"6 GB","128 GB","No"
"POCO F4 5G (Night Black, 128 GB)","POCO",25999,4.3,4248,586,"F4 5G","Night Black","Very High",8,128,"8 GB","128 GB","Yes"
"APPLE iPhone 11 (Red, 64 GB)","APPLE",39999,4.6,176742,10518,"iPhone 11","Red","Very High",0,64,"0 GB","64 GB","No"
"REDMI 10A SPORT (SLATE GREY, 128 GB)","REDMI",10447,4,548,37,"10A SPORT","SLATE GREY","Medium",6,128,"6 GB","128 GB","No"
"MOTOROLA edge 30 (Meteor Grey, 128 GB)","MOTOROLA",22999,4.1,6637,949,"edge 30","Meteor Grey","Very High",6,128,"6 GB","128 GB","No"
"IQOO Z6 44W (Ravan Black, 128 GB)","IQOO",16299,4.2,607,42,"Z6 44W","Ravan Black","High",6,128,"6 GB","128 GB","No"
"realme 9 Pro+ 5G (Aurora Green, 128 GB)","realme",21499,4.4,30596,3739,"9 Pro+ 5G","Aurora Green","Very High",6,128,"6 GB","128 GB","Yes"
"realme Narzo 50i (Carbon Black, 32 GB)","realme",6920,4.5,121209,4801,"Narzo 50i","Carbon Black","Medium",2,32,"2 GB","32 GB","No"
"realme C35 (Glowing Black, 128 GB)","realme",13999,4.2,12952,848,"C35","Glowing Black","High",6,128,"6 GB","128 GB","No"
"realme C35 (Glowing Green, 128 GB)","realme",13999,4.2,12952,848,"C35","Glowing Green","High",6,128,"6 GB","128 GB","No"
"POCO M4 Pro (Cool Blue, 128 GB)","POCO",17999,4.3,12383,1095,"M4 Pro","Cool Blue","Very High",8,128,"8 GB","128 GB","No"
"REDMI 10A SPORT (SEA BLUE, 128 GB)","REDMI",9995,4,548,37,"10A SPORT","SEA BLUE","Medium",6,128,"6 GB","128 GB","No"
"REDMI Note 11 SE (Thunder Purple, 64 GB)","REDMI",11999,4.3,30409,1886,"Note 11 SE","Thunder Purple","Medium",6,64,"6 GB","64 GB","No"
"SAMSUNG Guru 1200","SAMSUNG",1655,4.1,7072,504,"Guru 1200",NA,"Low",0.153,0.153,"153 MB","153 MB","No"
"SAMSUNG GALAXY M13 (Aqua Green, 64 GB)","SAMSUNG",11099,4.2,1860,131,"GALAXY M13","Aqua Green","Medium",4,64,"4 GB","64 GB","No"
"Micromax IN 2C (Brown, 32 GB)","Micromax",5999,4.2,2047,262,"IN 2C","Brown","Low",3,32,"3 GB","32 GB","No"
"Micromax X708","Micromax",1219,3.9,1856,138,"X708",NA,"Low",0.032,0.032,"32 MB","32 MB","No"
"Micromax X708","Micromax",1318,3.9,1856,138,"X708",NA,"Low",0.032,0.032,"32 MB","32 MB","No"
"Tecno POVA 4 (Uranolith Grey, 128 GB)","Tecno",12826,4.3,4,1,"POVA 4","Uranolith Grey","High",8,128,"8 GB","128 GB","No"
"LAVA Hero 600i","LAVA",919,4.2,37,3,"Hero 600i",NA,"Low",0.004,0.003,"4 MB","3 MB","No"
"Motorola a70","Motorola",1999,4,842,100,"a70",NA,"Low",0.004,0.004,"4 MB","4 MB","No"
"realme Narzo 50i (Mint Green, 32 GB)","realme",7014,4.5,121209,4801,"Narzo 50i","Mint Green","Medium",2,32,"2 GB","32 GB","No"
"vivo Y16 (Steller Black, 32 GB)","vivo",9999,4.3,776,58,"Y16","Steller Black","Medium",3,32,"3 GB","32 GB","No"
"realme C30s (Stripe Blue, 32 GB)","realme",7499,4.5,3975,143,"C30s","Stripe Blue","Medium",2,32,"2 GB","32 GB","No"
"LAVA Gem","LAVA",1729,4.2,7884,705,"Gem",NA,"Low",0.032,0.032,"32 MB","32 MB","No"
"LAVA A1 2021","LAVA",1119,4.1,3851,343,"A1 2021",NA,"Low",0.032,0.024,"32 MB","24 MB","No"
"Tecno Pova 3 (Electric Blue, 64 GB)","Tecno",11990,4.2,253,12,"Pova 3","Electric Blue","Medium",4,64,"4 GB","64 GB","No"
"Tecno Pova 3 (Tech Silver, 64 GB)","Tecno",10955,4.2,253,12,"Pova 3","Tech Silver","Medium",4,64,"4 GB","64 GB","No"
"Tecno Pova 3 (Tech Silver, 128 GB)","Tecno",13958,4.1,170,12,"Pova 3","Tech Silver","High",6,128,"6 GB","128 GB","No"
"Tecno Pova 3 (Eco Black, 64 GB)","Tecno",10949,4.2,253,12,"Pova 3","Eco Black","Medium",4,64,"4 GB","64 GB","No"
"Kechaoda K112","Kechaoda",1609,4,19126,2027,"K112",NA,"Low",0.032,0.064,"32 MB","64 MB","No"
"GREENBERRI F1","GREENBERRI",1299,3.9,1511,116,"F1",NA,"Low",0.064,0.064,"64 MB","64 MB","No"
"POCO F4 5G (Night Black, 256 GB)","POCO",29999,4.4,2469,358,"F4 5G","Night Black","Very High",12,256,"12 GB","256 GB","Yes"
"SAMSUNG Galaxy F22 (Denim Blue, 64 GB)","SAMSUNG",11499,4.3,101336,9764,"Galaxy F22","Denim Blue","Medium",4,64,"4 GB","64 GB","No"
"Nothing Phone (1) (Black, 256 GB)","Nothing",35499,4.3,5975,693,"Phone (Black, 256 GB)","Black","Very High",12,256,"12 GB","256 GB","No"
"Nothing Phone (1) (Black, 128 GB)","Nothing",25999,4.3,39201,5306,"Phone (Black, 128 GB)","Black","Very High",8,128,"8 GB","128 GB","No"
"MOTOROLA G51 5G (Indigo Blue, 64 GB)","MOTOROLA",12999,4.1,16473,2057,"G51 5G","Indigo Blue","High",4,64,"4 GB","64 GB","Yes"
"I Kall King Talking, Contact icon and Auto Call Recording","I",744,3.6,14932,1394,"Kall King Talking, Contact icon and Auto Call Recording",NA,"Low",0.032,0.032,"32 MB","32 MB","No"
"OPPO K10 (Black Carbon, 128 GB)","OPPO",16990,4.3,5053,432,"K10","Black Carbon","High",8,128,"8 GB","128 GB","No"
"REDMI 10A (Charcoal Black, 64 GB)","REDMI",8579,4.2,7695,484,"10A","Charcoal Black","Medium",4,64,"4 GB","64 GB","No"
"APPLE iPhone 12 (Black, 128 GB)","APPLE",57999,4.6,185701,12675,"iPhone 12","Black","Very High",0,128,"0 GB","128 GB","No"
"LAVA 34 Ultra","LAVA",1649,4.1,1418,160,"34 Ultra",NA,"Low",0.024,0.032,"24 MB","32 MB","No"
"SAMSUNG Galaxy M33 5G (Deep Ocean Blue, 128 GB)","SAMSUNG",19698,4.3,784,58,"Galaxy M33 5G","Deep Ocean Blue","Very High",8,128,"8 GB","128 GB","Yes"
"Snexian GURU 310","Snexian",698,3.3,18230,1475,"GURU 310",NA,"Low",0.032,0.032,"32 MB","32 MB","No"
"Nokia 105 PLUS","Nokia",1549,4.1,5686,404,"105 PLUS",NA,"Low",0.004,0.004,"4 MB","4 MB","No"
"MTR Ferrari","MTR",1300,4.1,6207,449,"Ferrari",NA,"Low",0.064,0.064,"64 MB","64 MB","No"
"SAMSUNG GALAXY M13 5G (Midnight Blue, 128 GB)","SAMSUNG",14699,4.1,402,28,"GALAXY M13 5G","Midnight Blue","High",6,128,"6 GB","128 GB","Yes"
"MU M5000","MU",1179,3.9,2295,287,"M5000",NA,"Low",0.032,0.032,"32 MB","32 MB","No"
"LAVA A1","LAVA",1129,4.2,107469,11417,"A1",NA,"Low",0.024,0.024,"24 MB","24 MB","No"
"Tecno Spark 9 (Infinity Black, 64 GB)","Tecno",8479,4.1,293,23,"Spark 9","Infinity Black","Medium",4,64,"4 GB","64 GB","No"
"Infinix HOT 20 5G (Blaster Green, 64 GB)","Infinix",11499,4.2,831,107,"HOT 20 5G","Blaster Green","Medium",4,64,"4 GB","64 GB","Yes"
"SAMSUNG Galaxy M33 5G (Deep Ocean Blue, 128 GB)","SAMSUNG",19298,4.3,784,58,"Galaxy M33 5G","Deep Ocean Blue","Very High",8,128,"8 GB","128 GB","Yes"
"DIZO Star 500","DIZO",1999,4,12294,1460,"Star 500",NA,"Low",0.032,0.032,"32 MB","32 MB","No"
"OPPO F19s (Glowing Gold, 128 GB)","OPPO",19990,4.5,8966,505,"F19s","Glowing Gold","Very High",6,128,"6 GB","128 GB","No"
"LAVA A1 2021","LAVA",1129,4.1,3851,343,"A1 2021",NA,"Low",0.032,0.024,"32 MB","24 MB","No"
"Infinix Zero 20 (Green Fantasy, 128 GB)","Infinix",17999,4.4,449,80,"Zero 20","Green Fantasy","Very High",8,128,"8 GB","128 GB","No"
"Infinix Zero 20 (DEEP GRAY, 128 GB)","Infinix",17999,4.4,449,80,"Zero 20","DEEP GRAY","Very High",8,128,"8 GB","128 GB","No"
"vivo Y01 (Elegant Black, 32 GB)","vivo",7999,4.3,549,40,"Y01","Elegant Black","Medium",2,32,"2 GB","32 GB","No"
"realme Narzo 50i (Carbon Black, 64 GB)","realme",8999,4.3,61879,3488,"Narzo 50i","Carbon Black","Medium",4,64,"4 GB","64 GB","No"
"Nokia 105 TA-1416 DS","Nokia",1599,4.1,4334,319,"105 TA-1416 DS",NA,"Low",0.032,0.032,"32 MB","32 MB","No"
"KARBONN KX3","KARBONN",993,3.9,8355,652,"KX3",NA,"Low",0.032,0.032,"32 MB","32 MB","No"
"itel Ace 2N","itel",899,4.2,354,17,"Ace 2N",NA,"Low",0.004,0.004,"4 MB","4 MB","No"
"GFive V8","GFive",725,3.8,767,52,"V8",NA,"Low",0.032,0.032,"32 MB","32 MB","No"
"IQOO Neo 6 5G (Dark Nova, 128 GB)","IQOO",30199,4.3,754,91,"Neo 6 5G","Dark Nova","Very High",8,128,"8 GB","128 GB","Yes"
"vivo Y01A (Sapphire Blue, 32 GB)","vivo",7999,4.2,544,32,"Y01A","Sapphire Blue","Medium",2,32,"2 GB","32 GB","No"
"realme 9 Pro+ 5G (Aurora Green, 128 GB)","realme",23499,4.4,27012,3068,"9 Pro+ 5G","Aurora Green","Very High",8,128,"8 GB","128 GB","Yes"
"realme 9 Pro+ 5G (Midnight Black, 128 GB)","realme",21499,4.4,30596,3739,"9 Pro+ 5G","Midnight Black","Very High",6,128,"6 GB","128 GB","Yes"
"realme 9 Pro+ 5G (Midnight Black, 128 GB)","realme",23499,4.4,27012,3068,"9 Pro+ 5G","Midnight Black","Very High",8,128,"8 GB","128 GB","Yes"
"realme 9 Pro+ 5G (Aurora Green, 256 GB)","realme",25499,4.4,27012,3068,"9 Pro+ 5G","Aurora Green","Very High",8,256,"8 GB","256 GB","Yes"
"realme C35 (Glowing Green, 128 GB)","realme",12999,4.4,159779,9431,"C35","Glowing Green","High",4,128,"4 GB","128 GB","No"
"APPLE iPhone 12 (Purple, 128 GB)","APPLE",57999,4.6,185701,12675,"iPhone 12","Purple","Very High",0,128,"0 GB","128 GB","No"
"REDMI Note 11S (Horizon Blue, 64 GB)","REDMI",15399,4.2,2082,170,"Note 11S","Horizon Blue","High",6,64,"6 GB","64 GB","No"
"REDMI 9 Activ (Coral Green, 128 GB)","REDMI",10499,4.2,4552,308,"9 Activ","Coral Green","Medium",6,128,"6 GB","128 GB","No"
"vivo T1 Pro 5G (Turbo Cyan, 128 GB)","vivo",24999,4.3,14613,1579,"T1 Pro 5G","Turbo Cyan","Very High",8,128,"8 GB","128 GB","Yes"
"SAMSUNG Galaxy M33 5G (Mystique Green, 128 GB)","SAMSUNG",18300,4.2,7179,613,"Galaxy M33 5G","Mystique Green","Very High",6,128,"6 GB","128 GB","Yes"
"Infinix Note 12 TURBO (Jewel Blue, 128 GB)","Infinix",13999,4.2,7196,925,"Note 12 TURBO","Jewel Blue","High",8,128,"8 GB","128 GB","No"
"Infinix Note 12 TURBO (Force Black, 128 GB)","Infinix",13999,4.2,7196,925,"Note 12 TURBO","Force Black","High",8,128,"8 GB","128 GB","No"
"REDMI K50i (Quick Silver, 128 GB)","REDMI",24998,4.2,310,26,"K50i","Quick Silver","Very High",6,128,"6 GB","128 GB","No"
"itel it2175","itel",1095,4,326,34,"it2175",NA,"Low",0.004,0.004,"4 MB","4 MB","No"
"realme 10 Pro+ 5G (Nebula Blue, 128 GB)","realme",24999,4.5,4381,565,"10 Pro+ 5G","Nebula Blue","Very High",6,128,"6 GB","128 GB","Yes"
"Infinix Note 12 Pro (Volcanic Grey, 256 GB)","Infinix",14999,4.2,2968,337,"Note 12 Pro","Volcanic Grey","High",8,256,"8 GB","256 GB","No"
"realme 9 5G SE (Azure Glow, 128 GB)","realme",19999,4.4,25528,2116,"9 5G SE","Azure Glow","Very High",6,128,"6 GB","128 GB","Yes"
"realme 9 5G SE (Starry Glow, 128 GB)","realme",19999,4.4,25528,2116,"9 5G SE","Starry Glow","Very High",6,128,"6 GB","128 GB","Yes"
"realme C30s (Stripe Black, 32 GB)","realme",7499,4.5,3975,143,"C30s","Stripe Black","Medium",2,32,"2 GB","32 GB","No"
"REDMI 9i (Sea Blue, 64 GB)","REDMI",8999,4.3,575907,33942,"9i","Sea Blue","Medium",4,64,"4 GB","64 GB","No"
"LAVA A1 Super 2021","LAVA",1199,4,2088,161,"A1 Super 2021",NA,"Low",0.032,0.024,"32 MB","24 MB","No"
"Micromax X415","Micromax",925,3.9,747,66,"X415",NA,"Low",0.032,0.032,"32 MB","32 MB","No"
"Micromax X415","Micromax",957,3.9,1083,77,"X415",NA,"Low",0.056,0.036,"56 MB","36 MB","No"
"realme C11 2021 (Cool Grey, 64 GB)","realme",8999,4.3,204720,11070,"C11 2021","Cool Grey","Medium",4,64,"4 GB","64 GB","No"
"APPLE iPhone 13 (Blue, 128 GB)","APPLE",60999,4.7,177611,9781,"iPhone 13","Blue","Very High",0,128,"0 GB","128 GB","No"
"realme C11 2021 (Cool Blue, 64 GB)","realme",8999,4.3,204720,11070,"C11 2021","Cool Blue","Medium",4,64,"4 GB","64 GB","No"
"Itel Magic2 4G( WiFi,Hotspot Tethering)","Itel",2450,4,18315,2667,"Magic2 4G( WiFi,Hotspot Tethering)"," WiFi","Low",0.064,0.128,"64 MB","128 MB","No"
"MOTOROLA g22 (Cosmic Black, 64 GB)","MOTOROLA",9499,3.7,26741,3220,"g22","Cosmic Black","Medium",4,64,"4 GB","64 GB","No"
"BlackZone B-312 Gold","BlackZone",889,3.7,588,34,"B-312 Gold",NA,"Low",0.01,0.01,"10 MB","10 MB","No"
"REDMI K50i 5G (Stealth Black, 128 GB)","REDMI",24830,4.2,874,126,"K50i 5G","Stealth Black","Very High",6,128,"6 GB","128 GB","Yes"
"Infinix HOT 20 5G (Space Blue, 64 GB)","Infinix",11499,4.2,831,107,"HOT 20 5G","Space Blue","Medium",4,64,"4 GB","64 GB","Yes"
"APPLE iPhone 11 (White, 128 GB)","APPLE",44999,4.6,176742,10518,"iPhone 11","White","Very High",0,128,"0 GB","128 GB","No"
"Nokia 125 DS 2020","Nokia",2099,3.9,5895,402,"125 DS 2020",NA,"Low",0.004,0.004,"4 MB","4 MB","No"
"REDMI Note 11T 5G (Aquamarine Blue, 128 GB)","REDMI",17990,4.2,275,19,"Note 11T 5G","Aquamarine Blue","Very High",6,128,"6 GB","128 GB","Yes"
"IQOO Neo 6 5G (Dark Nova, 128 GB)","IQOO",30329,4.3,754,91,"Neo 6 5G","Dark Nova","Very High",8,128,"8 GB","128 GB","Yes"
"realme C25_Y (Glacier Blue, 64 GB)","realme",10999,4.5,46231,2216,"C25_Y","Glacier Blue","Medium",4,64,"4 GB","64 GB","No"
"realme C25_Y (Metal Grey, 128 GB)","realme",11999,4.5,46231,2216,"C25_Y","Metal Grey","Medium",4,128,"4 GB","128 GB","No"
"MTR MT322","MTR",749,3.7,26,3,"MT322",NA,"Low",0.032,0.032,"32 MB","32 MB","No"
"Micromax X702","Micromax",1120,3.6,220,14,"X702",NA,"Low",0.032,0.032,"32 MB","32 MB","No"
"SAMSUNG GALAXY M13 5G (Aqua Green, 128 GB)","SAMSUNG",14838,4.1,402,28,"GALAXY M13 5G","Aqua Green","High",6,128,"6 GB","128 GB","Yes"
"SAMSUNG Galaxy M33 5G (Mystique Green, 128 GB)","SAMSUNG",19722,4.3,784,58,"Galaxy M33 5G","Mystique Green","Very High",8,128,"8 GB","128 GB","Yes"
"vivo Y33T (Mid day dream, 128 GB)","vivo",16990,4.4,2462,175,"Y33T","Mid day dream","High",8,128,"8 GB","128 GB","No"
"POCO M5 (Power Black, 64 GB)","POCO",10999,4.3,2782,214,"M5","Power Black","Medium",4,64,"4 GB","64 GB","No"
"APPLE iPhone 12 mini (White, 64 GB)","APPLE",38999,4.5,123326,9923,"iPhone 12 mini","White","Very High",0,64,"0 GB","64 GB","No"
"itel Vision3 (Multi Green, 32 GB)","itel",5766,4.3,43,3,"Vision3","Multi Green","Low",2,32,"2 GB","32 GB","No"
"SAMSUNG GALAXY M13 (Aqua Green, 64 GB)","SAMSUNG",11490,4.2,1860,131,"GALAXY M13","Aqua Green","Medium",4,64,"4 GB","64 GB","No"
"realme 9 5G SE (Azure Glow, 128 GB)","realme",22999,4.3,2263,210,"9 5G SE","Azure Glow","Very High",8,128,"8 GB","128 GB","Yes"
"realme 9 5G SE (Starry Glow, 128 GB)","realme",22999,4.3,2263,210,"9 5G SE","Starry Glow","Very High",8,128,"8 GB","128 GB","Yes"
"Redmi 9A Sport (Coral Green, 32 GB)","Redmi",7499,4.2,5872,437,"9A Sport","Coral Green","Medium",3,32,"3 GB","32 GB","No"
"OPPO A16 (Crystal Black, 64 GB)","OPPO",12990,4.3,3670,262,"A16","Crystal Black","High",4,64,"4 GB","64 GB","No"
"REDMI Note 11S (Horizon Blue, 128 GB)","REDMI",15829,4.2,872,85,"Note 11S","Horizon Blue","High",8,128,"8 GB","128 GB","No"
"MOTOROLA Edge 30 Ultra (Interstellar Black, 256 GB)","MOTOROLA",59999,4.2,194,54,"Edge 30 Ultra","Interstellar Black","Very High",12,256,"12 GB","256 GB","No"
"itel Power 410","itel",1499,4.1,1689,163,"Power 410",NA,"Low",0.004,0.004,"4 MB","4 MB","No"
"POCO M5 (Icy Blue, 64 GB)","POCO",10999,4.3,2782,214,"M5","Icy Blue","Medium",4,64,"4 GB","64 GB","No"
"Moto G71 5G (Arctic Blue, 128 GB)","Moto",16999,4.2,21817,2541,"G71 5G","Arctic Blue","High",6,128,"6 GB","128 GB","Yes"
"Nokia 125 TA-1253 DS","Nokia",2099,4,2787,188,"125 TA-1253 DS",NA,"Low",0.004,0.004,"4 MB","4 MB","No"
"OPPO A16 (Pearl Blue, 64 GB)","OPPO",12990,4.3,3670,262,"A16","Pearl Blue","High",4,64,"4 GB","64 GB","No"
"vivo T1 Pro 5G (Turbo Cyan, 128 GB)","vivo",23999,4.4,7325,702,"T1 Pro 5G","Turbo Cyan","Very High",6,128,"6 GB","128 GB","Yes"
"realme 9i 5G (Metallica Gold, 128 GB)","realme",16999,4.3,4970,354,"9i 5G","Metallica Gold","Very High",6,128,"6 GB","128 GB","Yes"
"vivo Y15c (Wave Green, 32 GB)","vivo",9948,4.1,1047,75,"Y15c","Wave Green","Medium",3,32,"3 GB","32 GB","No"
"Kechaoda A26","Kechaoda",1150,4.1,14177,1019,"A26",NA,"Low",0.032,0.032,"32 MB","32 MB","No"
"realme Narzo 50 (Speed Blue, 64 GB)","realme",12999,4.5,14747,936,"Narzo 50","Speed Blue","High",4,64,"4 GB","64 GB","No"
"APPLE iPhone 11 (Red, 128 GB)","APPLE",44999,4.6,176742,10518,"iPhone 11","Red","Very High",0,128,"0 GB","128 GB","No"
"realme Narzo 50 (Speed Blue, 128 GB)","realme",15499,4.4,7120,534,"Narzo 50","Speed Blue","High",6,128,"6 GB","128 GB","No"
"Kechaoda A26","Kechaoda",1199,4.1,14177,1019,"A26",NA,"Low",0.032,0.032,"32 MB","32 MB","No"
"REDMI Note 10 Lite (Glacier White, 128 GB)","REDMI",19900,4.3,843,67,"Note 10 Lite","Glacier White","Very High",6,128,"6 GB","128 GB","No"
"realme 9 Pro+ 5G (Sunrise Blue, 256 GB)","realme",25499,4.4,27012,3068,"9 Pro+ 5G","Sunrise Blue","Very High",8,256,"8 GB","256 GB","Yes"
"realme C25_Y (Metal Grey, 64 GB)","realme",10999,4.5,46231,2216,"C25_Y","Metal Grey","Medium",4,64,"4 GB","64 GB","No"
"realme C25_Y (Glacier Blue, 128 GB)","realme",11999,4.5,46231,2216,"C25_Y","Glacier Blue","Medium",4,128,"4 GB","128 GB","No"
"Redmi Note 11 PRO Plus 5G (Stealth Black, 128 GB)","Redmi",20295,4.2,5366,457,"Note 11 PRO Plus 5G","Stealth Black","Very High",6,128,"6 GB","128 GB","Yes"
"LAVA 34 Ultra","LAVA",1647,4.1,1418,160,"34 Ultra",NA,"Low",0.024,0.032,"24 MB","32 MB","No"
"REDMI 10A SPORT (SEA BLUE, 128 GB)","REDMI",10417,4,548,37,"10A SPORT","SEA BLUE","Medium",6,128,"6 GB","128 GB","No"
"realme 8 5G (Supersonic Black, 128 GB)","realme",16499,4.3,75662,6017,"8 5G","Supersonic Black","High",4,128,"4 GB","128 GB","Yes"
"APPLE iPhone 14 Plus (Blue, 128 GB)","APPLE",82999,4.6,412,48,"iPhone 14 Plus","Blue","Very High",0,128,"0 GB","128 GB","No"
"itel it2175","itel",1099,4,326,34,"it2175",NA,"Low",0.004,0.004,"4 MB","4 MB","No"
"REDMI 10A (Sea Blue, 64 GB)","REDMI",8998,4.2,7695,484,"10A","Sea Blue","Medium",4,64,"4 GB","64 GB","No"
"APPLE iPhone 11 (Black, 128 GB)","APPLE",44999,4.6,176742,10518,"iPhone 11","Black","Very High",0,128,"0 GB","128 GB","No"
"itel A49 (Crystal Purple, 32 GB)","itel",5699,4.2,466,29,"A49","Crystal Purple","Low",2,32,"2 GB","32 GB","No"
"REDMI 9 Activ (Coral Green, 64 GB)","REDMI",9999,4.2,9079,644,"9 Activ","Coral Green","Medium",4,64,"4 GB","64 GB","No"
"MOTOROLA e22s (Eco Black, 64 GB)","MOTOROLA",9189,4.2,21,0,"e22s","Eco Black","Medium",4,64,"4 GB","64 GB","No"
"OPPO Reno8 5G (Shimmer Black, 128 GB)","OPPO",29999,4.3,32029,4184,"Reno8 5G","Shimmer Black","Very High",8,128,"8 GB","128 GB","Yes"
"OPPO Reno8 5G (Shimmer Gold, 128 GB)","OPPO",29999,4.3,32029,4184,"Reno8 5G","Shimmer Gold","Very High",8,128,"8 GB","128 GB","Yes"
"Tecno Pop 5 LTE (Ice Blue, 32 GB)","Tecno",6485,4.2,667,41,"Pop 5 LTE","Ice Blue","Low",2,32,"2 GB","32 GB","No"
"itel IT5626","itel",1749,4,1205,127,"IT5626",NA,"Low",0.008,0.008,"8 MB","8 MB","No"
"APPLE iPhone 11 (Green, 64 GB)","APPLE",39999,4.6,176742,10518,"iPhone 11","Green","Very High",0,64,"0 GB","64 GB","No"
"IQOO Z6 5G (Chromatic Blue, 128 GB)","IQOO",18499,4.1,307,23,"Z6 5G","Chromatic Blue","Very High",8,128,"8 GB","128 GB","Yes"
"SAMSUNG Galaxy M33 5G (Deep Ocean Blue, 128 GB)","SAMSUNG",17490,4.2,7179,613,"Galaxy M33 5G","Deep Ocean Blue","Very High",6,128,"6 GB","128 GB","Yes"
"REDMI Note 11 SE (Space Black, 64 GB)","REDMI",11999,4.3,30409,1886,"Note 11 SE","Space Black","Medium",6,64,"6 GB","64 GB","No"
"POCO M5 (Icy Blue, 128 GB)","POCO",12999,4.3,1359,93,"M5","Icy Blue","High",6,128,"6 GB","128 GB","No"
"Nokia TA-1304/105 SS","Nokia",1349,4.2,62955,4933,"TA-1304/105 SS",NA,"Low",0.004,0.004,"4 MB","4 MB","No"
"REDMI 10 Power (Sporty Orange, 128 GB)","REDMI",13949,4.1,503,32,"10 Power","Sporty Orange","High",8,128,"8 GB","128 GB","No"
"POCO X4 Pro 5G (Yellow, 128 GB)","POCO",21999,4.1,14202,1467,"X4 Pro 5G","Yellow","Very High",8,128,"8 GB","128 GB","Yes"
"itel it2163S","itel",989,4,563,53,"it2163S",NA,"Low",0.004,0.004,"4 MB","4 MB","No"
"Redmi Note 9 Pro (Interstellar Black, 128 GB)","Redmi",13999,4.3,26637,1828,"Note 9 Pro","Interstellar Black","High",4,128,"4 GB","128 GB","No"
"REDMI Note 10 Pro (Vintage Bronze, 128 GB)","REDMI",17999,4.3,41637,3899,"Note 10 Pro","Vintage Bronze","Very High",6,128,"6 GB","128 GB","No"
"DIZO Star 500","DIZO",1890,4,12294,1460,"Star 500",NA,"Low",0.032,0.032,"32 MB","32 MB","No"
"APPLE iPhone 14 Plus (Starlight, 256 GB)","APPLE",92999,4.6,412,48,"iPhone 14 Plus","Starlight","Very High",0,256,"0 GB","256 GB","No"
"realme 9 Pro 5G (Aurora Green, 128 GB)","realme",20999,4.3,13963,1127,"9 Pro 5G","Aurora Green","Very High",8,128,"8 GB","128 GB","Yes"
"MOTOROLA e32s (Slate Gray, 64 GB)","MOTOROLA",8849,3.8,1332,161,"e32s","Slate Gray","Medium",4,64,"4 GB","64 GB","No"
"REDMI Note 11S (Horizon Blue, 128 GB)","REDMI",16700,4.2,872,85,"Note 11S","Horizon Blue","High",8,128,"8 GB","128 GB","No"
"Redmi 9A Sport (Carbon Black, 32 GB)","Redmi",6789,4.1,24369,1859,"9A Sport","Carbon Black","Medium",2,32,"2 GB","32 GB","No"
"SAMSUNG GALAXY M13 5G (Midnight Blue, 128 GB)","SAMSUNG",14888,4.1,402,28,"GALAXY M13 5G","Midnight Blue","High",6,128,"6 GB","128 GB","Yes"
"realme 9 Pro 5G (Midnight Black, 128 GB)","realme",20999,4.3,13963,1127,"9 Pro 5G","Midnight Black","Very High",8,128,"8 GB","128 GB","Yes"
"realme 9i 5G (Soulful Blue, 128 GB)","realme",16999,4.3,4970,354,"9i 5G","Soulful Blue","Very High",6,128,"6 GB","128 GB","Yes"
"REDMI Note 11 Pro (Phantom White, 128 GB)","REDMI",17830,4.2,978,80,"Note 11 Pro","Phantom White","Very High",6,128,"6 GB","128 GB","No"
"itel U20","itel",1099,4.1,867,69,"U20",NA,"Low",0.004,0.032,"4 MB","32 MB","No"
"LAVA A1 Josh","LAVA",1029,4.2,32124,3152,"A1 Josh",NA,"Low",0.004,1e-06,"4 MB","1 KB","No"
"Infinix HOT 20 5G (Racing Black, 64 GB)","Infinix",11499,4.2,831,107,"HOT 20 5G","Racing Black","Medium",4,64,"4 GB","64 GB","Yes"
"Micromax X746","Micromax",1450,4,20881,2240,"X746",NA,"Low",0.032,0.032,"32 MB","32 MB","No"
"realme C20 (Cool Grey, 32 GB)","realme",7499,4.4,296108,14044,"C20","Cool Grey","Medium",2,32,"2 GB","32 GB","No"
"Micromax J2","Micromax",940,3.7,301,17,"J2",NA,"Low",0.032,0.032,"32 MB","32 MB","No"
"realme 8i (Space Purple, 64 GB)","realme",13999,4.5,171965,10805,"8i","Space Purple","High",4,64,"4 GB","64 GB","No"
"realme 8i (Space Black, 64 GB)","realme",13999,4.5,171965,10805,"8i","Space Black","High",4,64,"4 GB","64 GB","No"
"SAMSUNG GURU 1200","SAMSUNG",1690,4.1,459,28,"GURU 1200",NA,"Low",0.004,0.004,"4 MB","4 MB","No"
"Kechaoda K90","Kechaoda",1599,3.5,72,8,"K90",NA,"Low",0.032,0.032,"32 MB","32 MB","No"
"APPLE iPhone 13 (Green, 128 GB)","APPLE",60999,4.7,177611,9781,"iPhone 13","Green","Very High",0,128,"0 GB","128 GB","No"
"SAMSUNG Galaxy F22 (Denim Black, 64 GB)","SAMSUNG",11499,4.3,101336,9764,"Galaxy F22","Denim Black","Medium",4,64,"4 GB","64 GB","No"
"SAMSUNG Galaxy A73 5G (Awesome Gray, 128 GB)","SAMSUNG",41999,4.2,1256,165,"Galaxy A73 5G","Awesome Gray","Very High",8,128,"8 GB","128 GB","Yes"
"IQOO 9 5G (Alpha, 256 GB)","IQOO",39990,4,34,4,"9 5G","Alpha","Very High",12,256,"12 GB","256 GB","Yes"
"vivo Y21G (Diamond Glow, 64 GB)","vivo",13499,4.3,1985,159,"Y21G","Diamond Glow","High",4,64,"4 GB","64 GB","No"
"Redmi Note 11 (Horizon Blue, 128 GB)","Redmi",14990,4.2,9161,718,"Note 11","Horizon Blue","High",6,128,"6 GB","128 GB","No"
"REDMI 9 Activ (Carbon Black, 64 GB)","REDMI",8091,4.2,9079,644,"9 Activ","Carbon Black","Medium",4,64,"4 GB","64 GB","No"
"Infinix Zero 20 (Glitter Gold, 128 GB)","Infinix",17999,4.4,449,80,"Zero 20","Glitter Gold","Very High",8,128,"8 GB","128 GB","No"
"APPLE iPhone 14 Plus (Starlight, 128 GB)","APPLE",82999,4.6,412,48,"iPhone 14 Plus","Starlight","Very High",0,128,"0 GB","128 GB","No"
"Google Pixel 7 (Obsidian, 128 GB)","Google",59999,4.4,1775,329,"Pixel 7","Obsidian","Very High",8,128,"8 GB","128 GB","No"
"SAMSUNG Galaxy M32 Prime Edition (Light Blue, 64 GB)","SAMSUNG",11570,4.1,95,7,"Galaxy M32 Prime Edition","Light Blue","Medium",4,64,"4 GB","64 GB","No"
"Google Pixel 7 (Lemongrass, 128 GB)","Google",59999,4.4,1775,329,"Pixel 7","Lemongrass","Very High",8,128,"8 GB","128 GB","No"
"REDMI 10 Prime 2022 (Astral White, 64 GB)","REDMI",11797,4.2,3015,216,"10 Prime 2022","Astral White","Medium",4,64,"4 GB","64 GB","No"
"POCO M3 Pro 5G (Power Black, 128 GB)","POCO",17999,4.2,52420,4434,"M3 Pro 5G","Power Black","Very High",6,128,"6 GB","128 GB","Yes"
"REDMI Note 11S (Polar White, 128 GB)","REDMI",16480,4.2,2082,170,"Note 11S","Polar White","High",6,128,"6 GB","128 GB","No"
"MOTOROLA g22 (Mint Green, 64 GB)","MOTOROLA",9499,3.7,26741,3220,"g22","Mint Green","Medium",4,64,"4 GB","64 GB","No"
"Kechaoda K66 The Music House 4","Kechaoda",1180,3.9,15548,1207,"K66 The Music House 4",NA,"Low",0.032,0.064,"32 MB","64 MB","No"
"Kechaoda K66 The Music House 4","Kechaoda",1165,3.9,15548,1207,"K66 The Music House 4",NA,"Low",0.032,0.064,"32 MB","64 MB","No"
"Kechaoda K66 The Music House 4","Kechaoda",1199,3.9,15548,1207,"K66 The Music House 4",NA,"Low",0.032,0.064,"32 MB","64 MB","No"
"realme narzo 50 5G (Hyper Blue, 128 GB)","realme",17489,4.3,4,0,"narzo 50 5G","Hyper Blue","Very High",0.006,128,"6 MB","128 GB","Yes"
"Kechaoda K33","Kechaoda",1130,4,8248,552,"K33",NA,"Low",0.032,0.032,"32 MB","32 MB","No"
"Kechaoda K115","Kechaoda",1138,4.1,28686,2225,"K115",NA,"Low",0.032,0.032,"32 MB","32 MB","No"
"Kechaoda K115","Kechaoda",1180,4.1,28686,2225,"K115",NA,"Low",0.032,0.032,"32 MB","32 MB","No"
"Kechaoda K115","Kechaoda",1140,4.1,28686,2225,"K115",NA,"Low",0.032,0.032,"32 MB","32 MB","No"
"OnePlus 10R 5G (Sierra Black, 128 GB)","OnePlus",34998,4.3,1460,128,"10R 5G","Sierra Black","Very High",8,128,"8 GB","128 GB","Yes"
"OPPO A17 (Lake Bule, 64 GB)","OPPO",13400,4.4,1044,45,"A17","Lake Bule","High",4,64,"4 GB","64 GB","No"
"REDMI Note 11S (Horizon Blue, 128 GB)","REDMI",16698,4.2,872,85,"Note 11S","Horizon Blue","High",8,128,"8 GB","128 GB","No"
"APPLE iPhone 11 (Purple, 64 GB)","APPLE",39999,4.6,176742,10518,"iPhone 11","Purple","Very High",0,64,"0 GB","64 GB","No"
"SAMSUNG Galaxy M32 (Light Blue, 64 GB)","SAMSUNG",13490,4.2,4237,431,"Galaxy M32","Light Blue","High",4,64,"4 GB","64 GB","No"
"KARBONN K9 Punch","KARBONN",1490,3.9,17,2,"K9 Punch",NA,"Low",0.052,0.032,"52 MB","32 MB","No"
"REDMI Note 10S (Deep Sea Blue, 128 GB)","REDMI",18499,4.2,7183,667,"Note 10S","Deep Sea Blue","Very High",8,128,"8 GB","128 GB","No"
"KARBONN K9 PUNCH","KARBONN",1480,3.9,17,2,"K9 PUNCH",NA,"Low",0.052,0.032,"52 MB","32 MB","No"
"Nokia TA-1010/105","Nokia",1445,4.2,21319,1704,"TA-1010/105",NA,"Low",0.004,0.004,"4 MB","4 MB","No"
"POCO X4 Pro 5G (Yellow, 64 GB)","POCO",18999,4.2,61334,6308,"X4 Pro 5G","Yellow","Very High",6,64,"6 GB","64 GB","Yes"
"SAMSUNG GURU GT","SAMSUNG",1695,4.1,3207,204,"GURU GT",NA,"Low",0.153,0.153,"153 MB","153 MB","No"
"Redmi Note 11 (Space Black, 64 GB)","Redmi",12520,4.2,9194,843,"Note 11","Space Black","High",4,64,"4 GB","64 GB","No"
"OPPO A74 5G BLACK (Fluid Black, 128 GB)","OPPO",17480,4.3,1770,138,"A74 5G BLACK","Fluid Black","Very High",6,128,"6 GB","128 GB","Yes"
"MOTOROLA G40 Fusion (Frosted Champagne, 128 GB)","MOTOROLA",16499,4.2,55864,6036,"G40 Fusion","Frosted Champagne","High",6,128,"6 GB","128 GB","No"
"OPPO Reno7 5G (Startrails Blue, 256 GB)","OPPO",28999,4.2,16442,2134,"Reno7 5G","Startrails Blue","Very High",8,256,"8 GB","256 GB","Yes"
"APPLE iPhone 12 mini (Red, 256 GB)","APPLE",52999,4.5,123326,9923,"iPhone 12 mini","Red","Very High",0,256,"0 GB","256 GB","No"
"MOTOROLA Edge 30 Fusion (Cosmic grey, 128 GB)","MOTOROLA",39999,4.3,1806,343,"Edge 30 Fusion","Cosmic grey","Very High",8,128,"8 GB","128 GB","No"
"Redmi Note 11 (Space Black, 64 GB)","Redmi",13849,4.2,9161,718,"Note 11","Space Black","High",6,64,"6 GB","64 GB","No"
"MU M5000","MU",1299,3.9,2295,287,"M5000",NA,"Low",0.032,0.032,"32 MB","32 MB","No"
"SAMSUNG S20 FE 5G (Cloud Navy, 128 GB)","SAMSUNG",34466,4.2,3658,419,"S20 FE 5G","Cloud Navy","Very High",8,128,"8 GB","128 GB","Yes"
"IQOO Z6 Pro 5G (Legion Sky, 128 GB)","IQOO",23300,4.3,208,16,"Z6 Pro 5G","Legion Sky","Very High",6,128,"6 GB","128 GB","Yes"
"SAMSUNG M53 5G (Deep Ocean Blue, 128 GB)","SAMSUNG",24999,4.2,421,42,"M53 5G","Deep Ocean Blue","Very High",6,128,"6 GB","128 GB","Yes"
"SAMSUNG Galaxy A53 (Awesome Black, 128 GB)","SAMSUNG",31999,4,563,67,"Galaxy A53","Awesome Black","Very High",6,128,"6 GB","128 GB","No"
"Micromax X421","Micromax",1049,4.1,1894,150,"X421",NA,"Low",0.032,0.032,"32 MB","32 MB","No"
"REDMI 11 Prime 5G (Thunder Black, 128 GB)","REDMI",15899,4.2,174,15,"11 Prime 5G","Thunder Black","High",6,128,"6 GB","128 GB","Yes"
"Salora Coral","Salora",899,3.8,521,49,"Coral",NA,"Low",0.032,0.032,"32 MB","32 MB","No"
"SAMSUNG Galaxy M33 5G (Emarld Brown, 128 GB)","SAMSUNG",19974,4.3,784,58,"Galaxy M33 5G","Emarld Brown","Very High",8,128,"8 GB","128 GB","Yes"
"OPPO A15S (Fancy white, 128 GB)","OPPO",11999,4.3,5488,302,"A15S","Fancy white","Medium",4,128,"4 GB","128 GB","No"
"Micromax J22","Micromax",1273,3.6,168,12,"J22",NA,"Low",0.032,0.032,"32 MB","32 MB","No"
"OPPO A15S (Rainbow Silver, 64 GB)","OPPO",11480,4.3,5488,302,"A15S","Rainbow Silver","Medium",4,64,"4 GB","64 GB","No"
"OPPO A15s (Dynamic Black, 128 GB)","OPPO",12990,4.3,5488,302,"A15s","Dynamic Black","High",4,128,"4 GB","128 GB","No"
"realme C21Y (Cross Black, 64 GB)","realme",10499,4.5,253614,9536,"C21Y","Cross Black","Medium",4,64,"4 GB","64 GB","No"
"realme 8 (Cyber Black, 128 GB)","realme",15999,4.4,121458,10620,"8","Cyber Black","High",4,128,"4 GB","128 GB","No"
"KARBONN K9 Yuva","KARBONN",1330,3.9,571,38,"K9 Yuva",NA,"Low",0.064,3.2e-05,"64 MB","32 KB","No"
"REDMI A1 (Light Blue, 32 GB)","REDMI",6348,4.2,1893,141,"A1","Light Blue","Low",2,32,"2 GB","32 GB","No"
"REDMI A1 (Black, 32 GB)","REDMI",6458,4.2,1893,141,"A1","Black","Low",2,32,"2 GB","32 GB","No"
"REDMI A1 (Light Green, 32 GB)","REDMI",6305,4.2,1893,141,"A1","Light Green","Low",2,32,"2 GB","32 GB","No"
"Micromax X755","Micromax",1429,3.8,4454,403,"X755",NA,"Low",0.032,0.032,"32 MB","32 MB","No"
"Tecno Pova 3 (Eco Black, 64 GB)","Tecno",10955,4.2,253,12,"Pova 3","Eco Black","Medium",4,64,"4 GB","64 GB","No"
"LAVA Hero 600+","LAVA",999,4.1,7896,720,"Hero 600+",NA,"Low",0.004,0.003,"4 MB","3 MB","No"
"Tecno Spark 9T (Turquoise Cyan, 64 GB)","Tecno",9370,4.3,48,4,"Spark 9T","Turquoise Cyan","Medium",4,64,"4 GB","64 GB","No"
"KARBONN K9 max","KARBONN",1499,4,3494,319,"K9 max",NA,"Low",0.064,0.064,"64 MB","64 MB","No"
"APPLE iPhone 14 Plus ((PRODUCT)RED, 256 GB)","APPLE",92999,4.6,412,48,"iPhone 14 PlusRED, 256 GB)",NA,"Very High",0,256,"0 GB","256 GB","No"
"Nokia 110 TA-1302 DS","Nokia",1714,4,24647,1954,"110 TA-1302 DS",NA,"Low",0.004,0.004,"4 MB","4 MB","No"
"POCO M3 (Yellow, 64 GB)","POCO",10999,4.3,124433,8927,"M3","Yellow","Medium",4,64,"4 GB","64 GB","No"
"Kechaoda K10","Kechaoda",1095,3.9,13841,908,"K10",NA,"Low",0.032,0.032,"32 MB","32 MB","No"
"Infinix Hot 11 (Emerald Green, 64 GB)","Infinix",9999,4.3,16022,1375,"Hot 11","Emerald Green","Medium",4,64,"4 GB","64 GB","No"
"Kechaoda K28","Kechaoda",1480,4.1,2691,241,"K28",NA,"Low",0.032,0.064,"32 MB","64 MB","No"
"itel Magic3 Smart Touch Keypad","itel",1499,4.1,786,72,"Magic3 Smart Touch Keypad",NA,"Low",0.008,0.008,"8 MB","8 MB","No"
"POCO X4 Pro 5G (Laser Black, 64 GB)","POCO",18999,4.2,61334,6308,"X4 Pro 5G","Laser Black","Very High",6,64,"6 GB","64 GB","Yes"
"Micromax J2","Micromax",917,3.7,301,17,"J2",NA,"Low",0.032,0.032,"32 MB","32 MB","No"
"realme Narzo 30 (Racing Blue, 128 GB)","realme",15499,4.3,76114,6042,"Narzo 30","Racing Blue","High",6,128,"6 GB","128 GB","No"
"Kechaoda K33","Kechaoda",1119,4,8248,552,"K33",NA,"Low",0.032,0.032,"32 MB","32 MB","No"
"SAMSUNG M53 5G (Emerald Brown, 128 GB)","SAMSUNG",24790,4.2,421,42,"M53 5G","Emerald Brown","Very High",6,128,"6 GB","128 GB","Yes"
"LAVA A1 2021","LAVA",1279,4.1,3851,343,"A1 2021",NA,"Low",0.032,0.024,"32 MB","24 MB","No"
"SAMSUNG Galaxy A13 (Peach, 128 GB)","SAMSUNG",16499,4.1,257,19,"Galaxy A13","Peach","High",6,128,"6 GB","128 GB","No"
"SAMSUNG Galaxy F12 (Sky Blue, 128 GB)","SAMSUNG",11499,4.3,297273,23471,"Galaxy F12","Sky Blue","Medium",4,128,"4 GB","128 GB","No"
"Nokia 105 SS 2021","Nokia",1382,4.2,82937,6238,"105 SS 2021",NA,"Low",0.004,0.004,"4 MB","4 MB","No"
"Tecno POVA 4 (Cryolite Blue, 128 GB)","Tecno",12845,4.3,4,1,"POVA 4","Cryolite Blue","High",8,128,"8 GB","128 GB","No"
"REDMI 11 Prime 5G (Thunder Black, 64 GB)","REDMI",13499,4.2,791,57,"11 Prime 5G","Thunder Black","High",4,64,"4 GB","64 GB","Yes"
"SAMSUNG Galaxy F22 (Denim Blue, 128 GB)","SAMSUNG",13499,4.3,64571,5965,"Galaxy F22","Denim Blue","High",6,128,"6 GB","128 GB","No"
"Kechaoda A26","Kechaoda",1189,4.1,14177,1019,"A26",NA,"Low",0.032,0.032,"32 MB","32 MB","No"
"Micromax IN 2B (Green, 64 GB)","Micromax",6999,3.9,21229,3299,"IN 2B","Green","Medium",4,64,"4 GB","64 GB","No"
"Tecno Camon 19 (Memphis Green, 128 GB)","Tecno",14960,4.2,174,20,"Camon 19","Memphis Green","High",6,128,"6 GB","128 GB","No"
"Redmi Note 11 (Starburst White, 64 GB)","Redmi",13444,4.2,9194,843,"Note 11","Starburst White","High",4,64,"4 GB","64 GB","No"
"vivo Y75 (Dancing waves, 128 GB)","vivo",19990,4.2,1465,124,"Y75","Dancing waves","Very High",8,128,"8 GB","128 GB","No"
"Redmi Note 11 PRO Plus 5G (Mirage Blue, 128 GB)","Redmi",20459,4.2,5366,457,"Note 11 PRO Plus 5G","Mirage Blue","Very High",6,128,"6 GB","128 GB","Yes"
"realme Narzo 30 (Racing Silver, 128 GB)","realme",15499,4.3,76114,6042,"Narzo 30","Racing Silver","High",6,128,"6 GB","128 GB","No"
"itel A27 (Crystal Blue, 32 GB)","itel",5289,4,726,50,"A27","Crystal Blue","Low",2,32,"2 GB","32 GB","No"
"realme C20 (Cool Blue, 32 GB)","realme",7499,4.4,296108,14044,"C20","Cool Blue","Medium",2,32,"2 GB","32 GB","No"
"REDMI 9 Power (Electric Green, 64 GB)","REDMI",11499,4.3,241660,17034,"9 Power","Electric Green","Medium",4,64,"4 GB","64 GB","No"
"Infinix Smart 5A (Ocean Wave, 32 GB)","Infinix",7199,4.3,78425,5384,"Smart 5A","Ocean Wave","Medium",2,32,"2 GB","32 GB","No"
"REDMI Note 11 (Space Black, 64 GB)","REDMI",12950,4.3,156,13,"Note 11","Space Black","High",4,64,"4 GB","64 GB","No"
"Nokia C21 Plus (Dark Cyan, 64 GB)","Nokia",9999,3.8,94,16,"C21 Plus","Dark Cyan","Medium",4,64,"4 GB","64 GB","No"
"REDMI 9 Activ (Metallic Purple, 128 GB)","REDMI",9990,4.2,4552,308,"9 Activ","Metallic Purple","Medium",6,128,"6 GB","128 GB","No"
"Kechaoda K9","Kechaoda",1350,4.1,2590,242,"K9",NA,"Low",0.032,0.064,"32 MB","64 MB","No"
"APPLE iPhone 14 Pro Max (Deep Purple, 128 GB)","APPLE",139900,4.7,418,44,"iPhone 14 Pro Max","Deep Purple","Very High",0,128,"0 GB","128 GB","No"
"vivo Y15c (Mystic Blue, 32 GB)","vivo",9499,4.1,1047,75,"Y15c","Mystic Blue","Medium",3,32,"3 GB","32 GB","No"
"realme 8 (Cyber Black, 128 GB)","realme",16999,4.4,121376,9957,"8","Cyber Black","Very High",6,128,"6 GB","128 GB","No"
"realme 8 (Cyber Silver, 128 GB)","realme",15999,4.4,121458,10620,"8","Cyber Silver","High",4,128,"4 GB","128 GB","No"
"realme 8 (Cyber Black, 128 GB)","realme",17999,4.4,95489,8376,"8","Cyber Black","Very High",8,128,"8 GB","128 GB","No"
"REDMI 11 Prime (Peppy Purple, 64 GB)","REDMI",11978,4.3,48,4,"11 Prime","Peppy Purple","Medium",4,64,"4 GB","64 GB","No"
"realme Narzo 30 (Racing Blue, 64 GB)","realme",13499,4.4,105997,8981,"Narzo 30","Racing Blue","High",4,64,"4 GB","64 GB","No"
"Snexian GURU 2163","Snexian",699,3.6,127,10,"GURU 2163",NA,"Low",0.032,0.032,"32 MB","32 MB","No"
"Nokia 105 SS 2021","Nokia",1448,4.2,82937,6238,"105 SS 2021",NA,"Low",0.004,0.004,"4 MB","4 MB","No"
"Kechaoda K200","Kechaoda",1279,4,112,5,"K200",NA,"Low",0.032,0.032,"32 MB","32 MB","No"
"REDMI 9 Power (Fiery Red, 64 GB)","REDMI",11499,4.3,241660,17034,"9 Power","Fiery Red","Medium",4,64,"4 GB","64 GB","No"
"SAMSUNG Galaxy M32 (Light Blue, 64 GB)","SAMSUNG",13999,4.2,4237,431,"Galaxy M32","Light Blue","High",4,64,"4 GB","64 GB","No"
"Snexian Rock","Snexian",1399,4,11586,739,"Rock",NA,"Low",0.032,0.032,"32 MB","32 MB","No"
"Kechaoda K115","Kechaoda",1200,4.1,28686,2225,"K115",NA,"Low",0.032,0.032,"32 MB","32 MB","No"
"SAMSUNG Galaxy A33 (Awesome Blue, 128 GB)","SAMSUNG",25999,4.1,1523,161,"Galaxy A33","Awesome Blue","Very High",6,128,"6 GB","128 GB","No"
"realme Narzo 50i (Mint Green, 64 GB)","realme",8999,4.3,61879,3488,"Narzo 50i","Mint Green","Medium",4,64,"4 GB","64 GB","No"
"Kechaoda K115","Kechaoda",1139,4.1,28686,2225,"K115",NA,"Low",0.032,0.032,"32 MB","32 MB","No"
"Kechaoda K115","Kechaoda",1170,4.1,28686,2225,"K115",NA,"Low",0.032,0.032,"32 MB","32 MB","No"
"itel Vision 3 (Jewel Blue, 64 GB)","itel",6929,4,412,49,"Vision 3","Jewel Blue","Medium",3,64,"3 GB","64 GB","No"
"Tecno Spark 9T (Atlantic Blue, 64 GB)","Tecno",9445,4.3,48,4,"Spark 9T","Atlantic Blue","Medium",4,64,"4 GB","64 GB","No"
"itel Muzik 110","itel",1253,4.1,331,36,"Muzik 110",NA,"Low",0.004,0.004,"4 MB","4 MB","No"
"SAMSUNG Galaxy F22 (Denim Black, 128 GB)","SAMSUNG",13499,4.3,64571,5965,"Galaxy F22","Denim Black","High",6,128,"6 GB","128 GB","No"
"MOTOROLA G40 Fusion (Frosted Champagne, 64 GB)","MOTOROLA",14499,4.2,32851,3699,"G40 Fusion","Frosted Champagne","High",4,64,"4 GB","64 GB","No"
"SAMSUNG GALAXY M13 (Aqua Green, 128 GB)","SAMSUNG",13490,4.2,360,24,"GALAXY M13","Aqua Green","High",6,128,"6 GB","128 GB","No"
"Tecno Pova 3 (Tech Silver, 128 GB)","Tecno",13959,4.1,170,12,"Pova 3","Tech Silver","High",6,128,"6 GB","128 GB","No"
"OPPO A17 (Sunlight Orange, 64 GB)","OPPO",12889,4.4,1044,45,"A17","Sunlight Orange","High",4,64,"4 GB","64 GB","No"
"Redmi 9A (SeaBlue, 32 GB)","Redmi",7789,4.3,21404,1284,"9A","SeaBlue","Medium",2,32,"2 GB","32 GB","No"
"GREENBERRI F1","GREENBERRI",1399,3.9,1511,116,"F1",NA,"Low",0.064,0.064,"64 MB","64 MB","No"
"ASUS ROG 5s (Black, 128 GB)","ASUS",39999,4.2,797,117,"ROG 5s","Black","Very High",8,128,"8 GB","128 GB","No"
"vivo Y33T (Starry Gold, 128 GB)","vivo",17099,4.4,2462,175,"Y33T","Starry Gold","Very High",8,128,"8 GB","128 GB","No"
"vivo V23e 5G (Sunshine Gold, 128 GB)","vivo",22997,4.2,1890,172,"V23e 5G","Sunshine Gold","Very High",8,128,"8 GB","128 GB","Yes"
"itel Vision1 (Gradation Blue, 32 GB)","itel",6999,4.1,25627,2158,"Vision1","Gradation Blue","Medium",3,32,"3 GB","32 GB","No"
"Google Pixel 7 (Snow, 128 GB)","Google",59999,4.4,1775,329,"Pixel 7","Snow","Very High",8,128,"8 GB","128 GB","No"
"REDMI A1+ (Light Blue, 32 GB)","REDMI",7499,4.2,542,44,"A1+","Light Blue","Medium",2,32,"2 GB","32 GB","No"
"REDMI 10 Power (Power Black, 128 GB)","REDMI",12990,4.1,503,32,"10 Power","Power Black","High",8,128,"8 GB","128 GB","No"
"Micromax X778","Micromax",1474,3.9,2418,244,"X778",NA,"Low",0.032,0.032,"32 MB","32 MB","No"
"Kechaoda A27","Kechaoda",1150,4,6495,511,"A27",NA,"Low",0.032,0.032,"32 MB","32 MB","No"
"APPLE iPhone 12 mini (Black, 256 GB)","APPLE",52999,4.5,123326,9923,"iPhone 12 mini","Black","Very High",0,256,"0 GB","256 GB","No"
"SAMSUNG Guru GT","SAMSUNG",1659,4.1,3207,204,"Guru GT",NA,"Low",0.153,0.153,"153 MB","153 MB","No"
"POCO M5 (Yellow, 64 GB)","POCO",10999,4.3,2782,214,"M5","Yellow","Medium",4,64,"4 GB","64 GB","No"
"APPLE iPhone 14 Plus (Midnight, 128 GB)","APPLE",82999,4.6,412,48,"iPhone 14 Plus","Midnight","Very High",0,128,"0 GB","128 GB","No"
"Xiaomi 11i 5G (Purple Mist, 128 GB)","Xiaomi",24999,4.2,37330,4613,"11i 5G","Purple Mist","Very High",6,128,"6 GB","128 GB","Yes"
"MOTOROLA Edge 20 Fusion 5G (Electric Graphite, 128 GB)","MOTOROLA",18999,4,19499,2624,"Edge 20 Fusion 5G","Electric Graphite","Very High",6,128,"6 GB","128 GB","Yes"
"APPLE iPhone 14 Plus (Purple, 128 GB)","APPLE",82999,4.6,412,48,"iPhone 14 Plus","Purple","Very High",0,128,"0 GB","128 GB","No"
"Infinix Zero 5G (Horizon Blue, 128 GB)","Infinix",19999,4.2,9794,1494,"Zero 5G","Horizon Blue","Very High",8,128,"8 GB","128 GB","Yes"
"Infinix Hot 11S (Silver Wave, 64 GB)","Infinix",10999,4.3,48526,5194,"Hot 11S","Silver Wave","Medium",4,64,"4 GB","64 GB","No"
"POCO M2 Reloaded (Mostly Blue, 64 GB)","POCO",11999,4.3,66728,4602,"M2 Reloaded","Mostly Blue","Medium",4,64,"4 GB","64 GB","No"
"Micromax J2","Micromax",935,3.7,301,17,"J2",NA,"Low",0.032,0.032,"32 MB","32 MB","No"
"REDMI 11 Prime 5G (Meadow Green, 64 GB)","REDMI",13490,4.2,791,57,"11 Prime 5G","Meadow Green","High",4,64,"4 GB","64 GB","Yes"
"REDMI NOTE 10 LITE (Aurora Blue, 128 GB)","REDMI",14449,4.3,2097,165,"NOTE 10 LITE","Aurora Blue","High",4,128,"4 GB","128 GB","No"
"Infinix Smart 5A (Midnight Black, 32 GB)","Infinix",7199,4.3,78425,5384,"Smart 5A","Midnight Black","Medium",2,32,"2 GB","32 GB","No"
"Micromax X416","Micromax",1051,4,497,50,"X416",NA,"Low",0.032,0.032,"32 MB","32 MB","No"
"Moto G71 5G (Neptune Green, 128 GB)","Moto",16999,4.2,21817,2541,"G71 5G","Neptune Green","Very High",6,128,"6 GB","128 GB","Yes"
"Micromax X416","Micromax",1050,4,497,50,"X416",NA,"Low",0.032,0.032,"32 MB","32 MB","No"
"SAMSUNG Metro 313","SAMSUNG",2840,4.2,1451,142,"Metro 313",NA,"Low",0.512,54,"512 MB","2.27 MB","No"
"Infinix Hot 11S (Green Wave, 128 GB)","Infinix",11999,4.3,48526,5194,"Hot 11S","Green Wave","Medium",4,128,"4 GB","128 GB","No"
"itel power 100","itel",1330,4.1,519,37,"power 100",NA,"Low",0.004,0.004,"4 MB","4 MB","No"
"APPLE iPhone 14 Plus (Midnight, 256 GB)","APPLE",92999,4.6,412,48,"iPhone 14 Plus","Midnight","Very High",0,256,"0 GB","256 GB","No"
"OPPO K10 5G (Ocean Blue, 128 GB)","OPPO",16499,4.4,52584,4032,"K10 5G","Ocean Blue","High",8,128,"8 GB","128 GB","Yes"
"itel Muzik 110","itel",1249,4.1,331,36,"Muzik 110",NA,"Low",0.004,0.004,"4 MB","4 MB","No"
"KARBONN K310i","KARBONN",920,3.7,326,24,"K310i",NA,"Low",0.01,0.01,"10 MB","10 MB","No"
"OPPO A54 (Starry Blue, 64 GB)","OPPO",12489,4.4,10827,670,"A54","Starry Blue","Medium",4,64,"4 GB","64 GB","No"
"REDMI Note 11T 5G (Matte black, 64 GB)","REDMI",15995,4.3,5436,439,"Note 11T 5G","Matte black","High",6,64,"6 GB","64 GB","Yes"
"REDMI Note 11T 5G (Aquamarine Blue, 128 GB)","REDMI",19490,4.3,2852,250,"Note 11T 5G","Aquamarine Blue","Very High",8,128,"8 GB","128 GB","Yes"
"Snexian BOLD 1K","Snexian",999,3.6,34,2,"BOLD 1K",NA,"Low",0.032,0.032,"32 MB","32 MB","No"
"OnePlus Nord CE 2 Lite 5G (Black Dusk, 128 GB)","OnePlus",19989,4.3,40620,3313,"Nord CE 2 Lite 5G","Black Dusk","Very High",6,128,"6 GB","128 GB","Yes"
"OPPO A54 (Starry Blue, 128 GB)","OPPO",14780,4.3,4016,228,"A54","Starry Blue","High",6,128,"6 GB","128 GB","No"
"OPPO A54 (Crystal Black, 128 GB)","OPPO",14990,4.4,10827,670,"A54","Crystal Black","High",4,128,"4 GB","128 GB","No"
"Kechaoda K33 Rock","Kechaoda",1199,4.4,25,0,"K33 Rock",NA,"Low",0.032,0.032,"32 MB","32 MB","No"
"Xiaomi 11i Hypercharge 5G (Pacific Pearl, 128 GB)","Xiaomi",28999,4.2,6430,720,"11i Hypercharge 5G","Pacific Pearl","Very High",8,128,"8 GB","128 GB","Yes"
"MOTOROLA Edge 30 Fusion (Solar Gold, 128 GB)","MOTOROLA",39999,4.3,1806,343,"Edge 30 Fusion","Solar Gold","Very High",8,128,"8 GB","128 GB","No"
"APPLE iPhone 14 Plus (Purple, 256 GB)","APPLE",92999,4.6,412,48,"iPhone 14 Plus","Purple","Very High",0,256,"0 GB","256 GB","No"
"Nokia 110 TA-1302 DS","Nokia",1699,4,24647,1954,"110 TA-1302 DS",NA,"Low",0.004,0.004,"4 MB","4 MB","No"
"OPPO A12 (Deep Blue, 32 GB)","OPPO",9990,4.4,74992,4510,"A12","Deep Blue","Medium",3,32,"3 GB","32 GB","No"
"OPPO A16E (Blue, 32 GB)","OPPO",9990,4.3,656,26,"A16E","Blue","Medium",3,32,"3 GB","32 GB","No"
"OPPO A54 (Moonlight Gold, 64 GB)","OPPO",13990,4.4,10827,670,"A54","Moonlight Gold","High",4,64,"4 GB","64 GB","No"
"MOTOROLA Edge 20 Pro 5G (Midnight Sky, 128 GB)","MOTOROLA",24999,4,3591,652,"Edge 20 Pro 5G","Midnight Sky","Very High",8,128,"8 GB","128 GB","Yes"
"OPPO A12 (Flowing Silver, 32 GB)","OPPO",9990,4.4,74992,4510,"A12","Flowing Silver","Medium",3,32,"3 GB","32 GB","No"
"Redmi 9A Sport (Carbon Black, 32 GB)","Redmi",7999,4.2,5872,437,"9A Sport","Carbon Black","Medium",3,32,"3 GB","32 GB","No"
"SAMSUNG Galaxy M13 (Aqua Green, 128 GB)","SAMSUNG",13999,4.2,360,24,"Galaxy M13","Aqua Green","High",6,128,"6 GB","128 GB","No"
"itel A27 (Deep Gray, 32 GB)","itel",5299,4,726,50,"A27","Deep Gray","Low",2,32,"2 GB","32 GB","No"
"REDMI Note 10T 5G (Chromium Silver, 64 GB)","REDMI",14999,4.3,44119,3200,"Note 10T 5G","Chromium Silver","High",4,64,"4 GB","64 GB","Yes"
"realme C25Y (Metal Grey, 64 GB)","realme",10999,4.4,137899,5921,"C25Y","Metal Grey","Medium",4,64,"4 GB","64 GB","No"
"realme C21 (Cross Black, 32 GB)","realme",9499,4.4,71609,3908,"C21","Cross Black","Medium",3,32,"3 GB","32 GB","No"
"APPLE iPhone 12 mini (Black, 128 GB)","APPLE",43999,4.5,123326,9923,"iPhone 12 mini","Black","Very High",0,128,"0 GB","128 GB","No"
"KARBONN K9 Yuva","KARBONN",1299,3.9,571,38,"K9 Yuva",NA,"Low",0.064,3.2e-05,"64 MB","32 KB","No"
"KARBONN K9 Yuva","KARBONN",1350,3.9,571,38,"K9 Yuva",NA,"Low",0.064,3.2e-05,"64 MB","32 KB","No"
"SAMSUNG GALAXY M13 5G (?Stardust Brown, 128 GB)","SAMSUNG",14849,4.1,402,28,"GALAXY M13 5G","?Stardust Brown","High",6,128,"6 GB","128 GB","Yes"
"SAMSUNG GALAXY M13 (Aqua Green, 64 GB)","SAMSUNG",10990,4.2,1860,131,"GALAXY M13","Aqua Green","Medium",4,64,"4 GB","64 GB","No"
"IQOO Z6 5G (Dynamo Black, 128 GB)","IQOO",17399,4.2,522,38,"Z6 5G","Dynamo Black","Very High",6,128,"6 GB","128 GB","Yes"
"REDMI 9 Prime (Matte Black, 128 GB)","REDMI",12490,4.4,226830,15261,"9 Prime","Matte Black","High",4,128,"4 GB","128 GB","No"
"itel it5026","itel",1305,4,1057,99,"it5026",NA,"Low",0.004,0.004,"4 MB","4 MB","No"
"BlackZone B310","BlackZone",839,3.8,3419,277,"B310",NA,"Low",0.01,0.01,"10 MB","10 MB","No"
"SAMSUNG GALAXY M13 (Aqua Green, 128 GB)","SAMSUNG",15490,4.2,360,24,"GALAXY M13","Aqua Green","High",6,128,"6 GB","128 GB","No"
"OPPO F21s Pro 5G (Starlight Black, 128 GB)","OPPO",25999,4.2,226,17,"F21s Pro 5G","Starlight Black","Very High",8,128,"8 GB","128 GB","Yes"
"REDMI Note 11S (Space Black, 64 GB)","REDMI",16499,4.2,2082,170,"Note 11S","Space Black","High",6,64,"6 GB","64 GB","No"
"Kechaoda K28","Kechaoda",1340,4.1,2691,241,"K28",NA,"Low",0.032,0.064,"32 MB","64 MB","No"
"MarQ by Flipkart M70 Shakti","MarQ",1599,4,3269,412,"by Flipkart M70 Shakti",NA,"Low",0.032,0.032,"32 MB","32 MB","No"
"SAMSUNG GALAXY M13 (Midnight Blue, 128 GB)","SAMSUNG",14989,4.2,360,24,"GALAXY M13","Midnight Blue","High",6,128,"6 GB","128 GB","No"
"Kechaoda K115","Kechaoda",1125,4.1,28686,2225,"K115",NA,"Low",0.032,0.032,"32 MB","32 MB","No"
"APPLE iPhone 12 mini (White, 128 GB)","APPLE",43999,4.5,123326,9923,"iPhone 12 mini","White","Very High",0,128,"0 GB","128 GB","No"
"Infinix Hot 11S (Polar Black, 128 GB)","Infinix",11999,4.3,48526,5194,"Hot 11S","Polar Black","Medium",4,128,"4 GB","128 GB","No"
"LAVA A1500","LAVA",1399,4.1,2129,217,"A1500",NA,"Low",0.024,0.032,"24 MB","32 MB","No"
"Infinix Hot 11S (Green Wave, 64 GB)","Infinix",10999,4.3,48526,5194,"Hot 11S","Green Wave","Medium",4,64,"4 GB","64 GB","No"
"Kechaoda K28","Kechaoda",1399,4.1,2691,241,"K28",NA,"Low",0.032,0.064,"32 MB","64 MB","No"
"REDMI Note 11 Pro (Star Blue, 128 GB)","REDMI",20199,4.1,631,45,"Note 11 Pro","Star Blue","Very High",8,128,"8 GB","128 GB","No"
"APPLE iPhone 13 (Starlight, 256 GB)","APPLE",70999,4.7,177611,9781,"iPhone 13","Starlight","Very High",0,256,"0 GB","256 GB","No"
"Redmi Note 11 (Space Black, 64 GB)","Redmi",12990,4.2,9194,843,"Note 11","Space Black","High",4,64,"4 GB","64 GB","No"
"Redmi Note 11 (Starburst White, 128 GB)","Redmi",15183,4.2,9161,718,"Note 11","Starburst White","High",6,128,"6 GB","128 GB","No"
"KARBONN K140 Pop","KARBONN",1080,3.9,5272,458,"K140 Pop",NA,"Low",0.032,0.032,"32 MB","32 MB","No"
"Tecno Spark 8P (Turquoise Cyan, 64 GB)","Tecno",9295,4.3,8,0,"Spark 8P","Turquoise Cyan","Medium",4,64,"4 GB","64 GB","No"
"SAMSUNG Galaxy M32 (Black, 64 GB)","SAMSUNG",11999,4.2,4237,431,"Galaxy M32","Black","Medium",4,64,"4 GB","64 GB","No"
"APPLE iPhone 14 Pro Max (Space Black, 256 GB)","APPLE",149900,4.7,418,44,"iPhone 14 Pro Max","Space Black","Very High",0,256,"0 GB","256 GB","No"
"OPPO A55 (Starry Black, 128 GB)","OPPO",15000,4.1,358,19,"A55","Starry Black","High",6,128,"6 GB","128 GB","No"
"Tecno Spark 8C (Iris Purple, 64 GB)","Tecno",8299,4.2,431,32,"Spark 8C","Iris Purple","Medium",3,64,"3 GB","64 GB","No"
"OPPO A55 (Starry Black, 64 GB)","OPPO",14490,4.3,673,62,"A55","Starry Black","High",4,64,"4 GB","64 GB","No"
"Redmi Note 11 (Space Black, 128 GB)","Redmi",15884,4.2,9161,718,"Note 11","Space Black","High",6,128,"6 GB","128 GB","No"
"itel vision 1 pro (AURORA BLUE, 32 GB)","itel",5889,4,387,36,"vision 1 pro","AURORA BLUE","Low",2,32,"2 GB","32 GB","No"
"itel Power 100 New","itel",1315,4.2,786,55,"Power 100 New",NA,"Low",0.004,0.004,"4 MB","4 MB","No"
"OPPO A57 (Glowing Green, 64 GB)","OPPO",13999,4.4,1999,101,"A57","Glowing Green","High",4,64,"4 GB","64 GB","No"
"REDMI 11 Prime 5G (Meadow Green, 128 GB)","REDMI",16999,4.2,174,15,"11 Prime 5G","Meadow Green","Very High",6,128,"6 GB","128 GB","Yes"
"SAMSUNG M53 5G (Mystique Green, 128 GB)","SAMSUNG",24790,4.2,421,42,"M53 5G","Mystique Green","Very High",6,128,"6 GB","128 GB","Yes"
"realme Narzo 30 5G (Racing Silver, 128 GB)","realme",16999,4.3,84215,7331,"Narzo 30 5G","Racing Silver","Very High",6,128,"6 GB","128 GB","Yes"
"itel IT2163","itel",999,4,12591,1043,"IT2163",NA,"Low",0.004,0.004,"4 MB","4 MB","No"
"vivo Y15c (Wave Green, 32 GB)","vivo",9798,4.1,1047,75,"Y15c","Wave Green","Medium",3,32,"3 GB","32 GB","No"
"SAMSUNG GALAXY M13 5G (Midnight Blue, 64 GB)","SAMSUNG",13880,3.9,183,10,"GALAXY M13 5G","Midnight Blue","High",4,64,"4 GB","64 GB","Yes"
"Tecno Pova 3 (Eco Black, 128 GB)","Tecno",13955,4.1,170,12,"Pova 3","Eco Black","High",6,128,"6 GB","128 GB","No"
"OPPO A57 (Glowing Black, 64 GB)","OPPO",13999,4.4,1999,101,"A57","Glowing Black","High",4,64,"4 GB","64 GB","No"
"Redmi Note 11 (Starburst White, 128 GB)","Redmi",15185,4.2,9161,718,"Note 11","Starburst White","High",6,128,"6 GB","128 GB","No"
"Mi 11X (Lunar White, 128 GB)","Mi",24445,4.2,2776,268,"11X","Lunar White","Very High",6,128,"6 GB","128 GB","No"
"REDMI Note 11S (Polar White, 128 GB)","REDMI",16900,4.2,872,85,"Note 11S","Polar White","High",8,128,"8 GB","128 GB","No"
"Google Pixel 7 Pro (Hazel, 128 GB)","Google",84999,4.4,1376,254,"Pixel 7 Pro","Hazel","Very High",12,128,"12 GB","128 GB","No"
"vivo V25 Pro 5G (Pure Black, 128 GB)","vivo",35999,4.3,5581,788,"V25 Pro 5G","Pure Black","Very High",8,128,"8 GB","128 GB","Yes"
"OPPO A16E (Midnight Black, 32 GB)","OPPO",9990,4.3,656,26,"A16E","Midnight Black","Medium",3,32,"3 GB","32 GB","No"
"Lvix L115","Lvix",999,2.7,3,0,"L115",NA,"Low",0.016,0.032,"16 MB","32 MB","No"
"Redmi 6 Pro (Gold, 32 GB)","Redmi",8999,4.3,11479,832,"6 Pro","Gold","Medium",3,32,"3 GB","32 GB","No"
"realme 8s 5G (Universe Purple, 128 GB)","realme",17999,4.4,76378,6205,"8s 5G","Universe Purple","Very High",6,128,"6 GB","128 GB","Yes"
"IQOO Neo 6 5G (Dark Nova, 256 GB)","IQOO",34889,4.4,289,35,"Neo 6 5G","Dark Nova","Very High",12,256,"12 GB","256 GB","Yes"
"realme 8s 5G (Universe Purple, 128 GB)","realme",19999,4.4,53580,4789,"8s 5G","Universe Purple","Very High",8,128,"8 GB","128 GB","Yes"
"realme GT Master Edition (Cosmos Black, 128 GB)","realme",27999,4.3,61530,6559,"GT Master Edition","Cosmos Black","Very High",8,128,"8 GB","128 GB","No"
"Redmi 9A (Midnight Black, 32 GB)","Redmi",7789,4.3,21404,1284,"9A","Midnight Black","Medium",2,32,"2 GB","32 GB","No"
"OnePlus 10R 5G (Forest Green, 256 GB)","OnePlus",38302,4.2,775,58,"10R 5G","Forest Green","Very High",12,256,"12 GB","256 GB","Yes"
"REDMI Note 10 Lite (Glacier White, 128 GB)","REDMI",14399,4.3,843,67,"Note 10 Lite","Glacier White","High",6,128,"6 GB","128 GB","No"
"OPPO A16 (Royal Gold, 64 GB)","OPPO",12990,4.3,3670,262,"A16","Royal Gold","High",4,64,"4 GB","64 GB","No"
"SAMSUNG S20 FE 5G (Cloud Lavender, 128 GB)","SAMSUNG",35599,4.2,3658,419,"S20 FE 5G","Cloud Lavender","Very High",8,128,"8 GB","128 GB","Yes"
"REDMI Note 11 Pro (Stealth Black, 128 GB)","REDMI",20199,4.1,631,45,"Note 11 Pro","Stealth Black","Very High",8,128,"8 GB","128 GB","No"
"OPPO A77 (Sky Blue, 64 GB)","OPPO",15499,4.3,222,11,"A77","Sky Blue","High",4,64,"4 GB","64 GB","No"
"REDMI Note 11S (Polar White, 64 GB)","REDMI",16499,4.2,2082,170,"Note 11S","Polar White","High",6,64,"6 GB","64 GB","No"
"REDMI 11 Prime 5G (Chrome Silver, 64 GB)","REDMI",12999,4.2,791,57,"11 Prime 5G","Chrome Silver","High",4,64,"4 GB","64 GB","Yes"
"Infinix Note 11s (Haze Green, 64 GB)","Infinix",13999,4.3,11787,1562,"Note 11s","Haze Green","High",6,64,"6 GB","64 GB","No"
"Kechaoda K33","Kechaoda",1124,4,8248,552,"K33",NA,"Low",0.032,0.032,"32 MB","32 MB","No"
"POCO M3 (Yellow, 64 GB)","POCO",11999,4.3,124433,8927,"M3","Yellow","Medium",4,64,"4 GB","64 GB","No"
"Nokia 110 DS","Nokia",1746,3.9,472,27,"110 DS",NA,"Low",0.004,0.032,"4 MB","32 MB","No"
"vivo Y21T (Midnight Blue, 128 GB)","vivo",15499,4.4,1514,108,"Y21T","Midnight Blue","High",4,128,"4 GB","128 GB","No"
"KARBONN KX3S","KARBONN",1085,4,26,0,"KX3S",NA,"Low",0.032,0.032,"32 MB","32 MB","No"
"Nokia 5.4 (Dusk, 64 GB)","Nokia",12489,3.9,3716,565,"5.4","Dusk","Medium",4,64,"4 GB","64 GB","No"
"realme C25Y (Glacier Blue, 64 GB)","realme",10999,4.4,137899,5921,"C25Y","Glacier Blue","Medium",4,64,"4 GB","64 GB","No"
"APPLE iPhone 14 Pro Max (Silver, 128 GB)","APPLE",139900,4.7,418,44,"iPhone 14 Pro Max","Silver","Very High",0,128,"0 GB","128 GB","No"
"OPPO F21SPRO (Orange, 128 GB)","OPPO",21989,4.1,20,0,"F21SPRO","Orange","Very High",8,128,"8 GB","128 GB","No"
"Infinix Hot 11S (Polar Black, 64 GB)","Infinix",10999,4.3,48526,5194,"Hot 11S","Polar Black","Medium",4,64,"4 GB","64 GB","No"
"SAMSUNG Galaxy A23 (Peach, 128 GB)","SAMSUNG",18499,4.2,725,48,"Galaxy A23","Peach","Very High",6,128,"6 GB","128 GB","No"
"Infinix Note 7 (Forest Green, 64 GB)","Infinix",14999,4.3,25446,2544,"Note 7","Forest Green","High",4,64,"4 GB","64 GB","No"
"realme C25s (Watery Grey, 128 GB)","realme",11999,4.4,50559,2933,"C25s","Watery Grey","Medium",4,128,"4 GB","128 GB","No"
"Kechaoda K05","Kechaoda",1199,4.1,43,3,"K05",NA,"Low",0.512,0.032,"512 MB","32 MB","No"
"LAVA LF9000","LAVA",1880,4.3,18,0,"LF9000",NA,"Low",0.02,0.02,"20 MB","20 MB","No"
"LAVA LF9000","LAVA",1890,4.3,18,0,"LF9000",NA,"Low",0.02,0.02,"20 MB","20 MB","No"
"MOTOROLA Edge 30 Pro (Stardust White, 128 GB)","MOTOROLA",34999,4,1010,179,"Edge 30 Pro","Stardust White","Very High",8,128,"8 GB","128 GB","No"
"OPPO K10 5G (Midnight Black, 128 GB)","OPPO",16499,4.4,52584,4032,"K10 5G","Midnight Black","High",8,128,"8 GB","128 GB","Yes"
"REDMI 11 Prime 5G (Thunder Black, 64 GB)","REDMI",13996,4.2,791,57,"11 Prime 5G","Thunder Black","High",4,64,"4 GB","64 GB","Yes"
"Infinix Note 10 (Emerald Green, 128 GB)","Infinix",12499,4.3,51466,5807,"Note 10","Emerald Green","High",6,128,"6 GB","128 GB","No"
"REDMI 11 Prime 5G (Thunder Black, 128 GB)","REDMI",15880,4.2,174,15,"11 Prime 5G","Thunder Black","High",6,128,"6 GB","128 GB","Yes"
"SAMSUNG Galaxy F12 (Sky Blue, 64 GB)","SAMSUNG",10499,4.3,297273,23471,"Galaxy F12","Sky Blue","Medium",4,64,"4 GB","64 GB","No"
"Redmi 9A Sport (Metallic Blue, 32 GB)","Redmi",7397,4.2,5872,437,"9A Sport","Metallic Blue","Medium",3,32,"3 GB","32 GB","No"
"Tecno Spark 8C (Turquoise Cyan, 64 GB)","Tecno",8998,4.2,99,9,"Spark 8C","Turquoise Cyan","Medium",4,64,"4 GB","64 GB","No"
"LAVA Z2 Max (Stroked Blue, 32 GB)","LAVA",7799,4.1,296,55,"Z2 Max","Stroked Blue","Medium",2,32,"2 GB","32 GB","No"
"LAVA Flip","LAVA",2019,4.2,1423,116,"Flip",NA,"Low",0.056,0.056,"56 MB","56 MB","No"
"SAMSUNG Galaxy A13 (Black, 64 GB)","SAMSUNG",14499,4.1,635,47,"Galaxy A13","Black","High",4,64,"4 GB","64 GB","No"
"REDMI Note 11 Pro (Stealth Black, 128 GB)","REDMI",17980,4.2,978,80,"Note 11 Pro","Stealth Black","Very High",6,128,"6 GB","128 GB","No"
"Micromax X749","Micromax",1350,4,7210,825,"X749",NA,"Low",0.032,0.032,"32 MB","32 MB","No"
"APPLE iPhone 12 (Blue, 128 GB)","APPLE",57999,4.6,185701,12675,"iPhone 12","Blue","Very High",0,128,"0 GB","128 GB","No"
"realme C11 (Rich Grey, 32 GB)","realme",8999,4.4,458868,29531,"C11","Rich Grey","Medium",2,32,"2 GB","32 GB","No"
"10 Prime (Phantom Black, 128 GB)","10",14100,4.4,34,6,"Prime","Phantom Black","High",6,128,"6 GB","128 GB","No"
"APPLE iPhone 12 (Red, 128 GB)","APPLE",57999,4.6,185701,12675,"iPhone 12","Red","Very High",0,128,"0 GB","128 GB","No"
"Snexian GURU 2163","Snexian",749,3.6,127,10,"GURU 2163",NA,"Low",0.032,0.032,"32 MB","32 MB","No"
"Redmi Note 11 PRO Plus 5G (Mirage Blue, 128 GB)","Redmi",20464,4.2,5366,457,"Note 11 PRO Plus 5G","Mirage Blue","Very High",6,128,"6 GB","128 GB","Yes"
"itel MagicX Pro","itel",2699,3.8,43,12,"MagicX Pro",NA,"Low",0.064,0.128,"64 MB","128 MB","No"
"PHILIPS Xenium E209","PHILIPS",1475,3.8,402,48,"Xenium E209",NA,"Low",0.032,0.032,"32 MB","32 MB","No"
"Redmi 9A Sport (Coral Green, 32 GB)","Redmi",7970,4.2,5872,437,"9A Sport","Coral Green","Medium",3,32,"3 GB","32 GB","No"
"POCO F1 (Rosso Red, 64 GB)","POCO",13899,4.5,244098,30034,"F1","Rosso Red","High",6,64,"6 GB","64 GB","No"
"OPPO A54 (Moonlight Gold, 128 GB)","OPPO",13999,4.4,10827,670,"A54","Moonlight Gold","High",4,128,"4 GB","128 GB","No"
"APPLE iPhone 12 (Purple, 64 GB)","APPLE",54499,4.6,185701,12675,"iPhone 12","Purple","Very High",0,64,"0 GB","64 GB","No"
"itel IT5026","itel",1305,4,1057,99,"IT5026",NA,"Low",0.004,0.004,"4 MB","4 MB","No"
"REDMI NOTE 10 LITE (Champagne Gold, 64 GB)","REDMI",14489,4.3,2097,165,"NOTE 10 LITE","Champagne Gold","High",4,64,"4 GB","64 GB","No"
"LAVA A9","LAVA",1680,4.1,8045,807,"A9",NA,"Low",0.024,0.032,"24 MB","32 MB","No"
"Infinix Zero 5G (Cosmic Black, 128 GB)","Infinix",19999,4.2,9794,1494,"Zero 5G","Cosmic Black","Very High",8,128,"8 GB","128 GB","Yes"
"Infinix Zero 5G (Skylight Orange, 128 GB)","Infinix",19999,4.2,9794,1494,"Zero 5G","Skylight Orange","Very High",8,128,"8 GB","128 GB","Yes"
"APPLE iPhone 13 (Blue, 512 GB)","APPLE",83999,4.7,177611,9781,"iPhone 13","Blue","Very High",0,512,"0 GB","512 GB","No"
"OnePlus 10R 5G (Sierra Black, 256 GB)","OnePlus",38653,4.2,775,58,"10R 5G","Sierra Black","Very High",12,256,"12 GB","256 GB","Yes"
"itel Vision 3 (Deep Ocean Black, 64 GB)","itel",6887,4,412,49,"Vision 3","Deep Ocean Black","Medium",3,64,"3 GB","64 GB","No"
"Mi A2 (Gold, 64 GB)","Mi",17499,4.2,34803,2909,"A2","Gold","Very High",4,64,"4 GB","64 GB","No"
"Micromax X809","Micromax",1335,3.8,4827,424,"X809",NA,"Low",0.032,0.032,"32 MB","32 MB","No"
"I Kall K43","I",889,3.6,4356,415,"Kall K43",NA,"Low",0.032,0.064,"32 MB","64 MB","No"
"REDMI NOTE 10 LITE (Aurora Blue, 128 GB)","REDMI",14379,4.3,843,67,"NOTE 10 LITE","Aurora Blue","High",6,128,"6 GB","128 GB","No"
"REDMI Note 11S (Space Black, 128 GB)","REDMI",16799,4.2,2082,170,"Note 11S","Space Black","High",6,128,"6 GB","128 GB","No"
"KARBONN K140 Pop","KARBONN",999,3.9,5272,458,"K140 Pop",NA,"Low",0.032,0.032,"32 MB","32 MB","No"
"I Kall K20","I",1004,3.5,168,14,"Kall K20",NA,"Low",0.032,0.032,"32 MB","32 MB","No"
"realme C21Y (Cross Blue, 32 GB)","realme",9499,4.6,89520,3077,"C21Y","Cross Blue","Medium",3,32,"3 GB","32 GB","No"
"Infinix Note 11s (Mithril Grey, 64 GB)","Infinix",13999,4.3,11787,1562,"Note 11s","Mithril Grey","High",6,64,"6 GB","64 GB","No"
"realme 8i (Space Black, 128 GB)","realme",15999,4.4,69885,4887,"8i","Space Black","High",6,128,"6 GB","128 GB","No"
"Infinix Note 11s (Symphony Cyan, 64 GB)","Infinix",13999,4.3,11787,1562,"Note 11s","Symphony Cyan","High",6,64,"6 GB","64 GB","No"
"REDMI K50i (Quick Silver, 256 GB)","REDMI",27999,4.3,276,42,"K50i","Quick Silver","Very High",8,256,"8 GB","256 GB","No"
"REDMI Note 10S (Frost White, 128 GB)","REDMI",18499,4.2,7183,667,"Note 10S","Frost White","Very High",8,128,"8 GB","128 GB","No"
"Tecno Pop 5 LTE (Deepsea Luster, 32 GB)","Tecno",6489,4.2,667,41,"Pop 5 LTE","Deepsea Luster","Low",2,32,"2 GB","32 GB","No"
"SAMSUNG M53 5G (Deep Ocean Blue, 128 GB)","SAMSUNG",26999,4,167,13,"M53 5G","Deep Ocean Blue","Very High",8,128,"8 GB","128 GB","Yes"
"OPPO A54 (Starry Blue, 64 GB)","OPPO",11949,4.4,10827,670,"A54","Starry Blue","Medium",4,64,"4 GB","64 GB","No"
"Nokia 105 ss","Nokia",1480,4.3,78456,7275,"105 ss",NA,"Low",0.004,0.004,"4 MB","4 MB","No"
"Kechaoda K16","Kechaoda",1149,3.5,148,10,"K16",NA,"Low",0.032,0.064,"32 MB","64 MB","No"
"LAVA Z2 (Flame Red, 32 GB)","LAVA",7999,4.1,330,57,"Z2","Flame Red","Medium",3,32,"3 GB","32 GB","No"
"POCO F1 (Rosso Red, 64 GB)","POCO",21999,4.5,244098,30034,"F1","Rosso Red","Very High",6,64,"6 GB","64 GB","No"
"OPPO A54 (Starry Blue, 128 GB)","OPPO",15990,4.3,4016,228,"A54","Starry Blue","High",6,128,"6 GB","128 GB","No"
"Kechaoda K200","Kechaoda",1270,4,112,5,"K200",NA,"Low",0.032,0.032,"32 MB","32 MB","No"
