pc1,pc2,Model,Company,aug_model,aug_color,aug_price
0.3763387006606527,-1.3427352321072215,"Infinix HOT 20 Play (Luna Blue, 64 GB)",Infinix,HOT 20 Play ,Luna Blue,Medium
1.1262628411176896,-0.7695246032782057,"MOTOROLA e40 (Carbon Gray, 64 GB)",Motorola,e40 ,Carbon Gray,Medium
1.1262628411176894,-0.7695246032782059,"MOTOROLA e40 (Pink Clay, 64 GB)",Motorola,e40 ,Pink Clay,Medium
3.065610310743927,1.0944198679207755,"POCO C31 (Shadow Gray, 64 GB)",Poco,C31 ,Shadow Gray,Low
0.40735440160729675,-1.1484866627190917,"MOTOROLA G32 (Mineral Gray, 64 GB)",Motorola,G32 ,Mineral Gray,Medium
3.3794410072889063,1.345435512195201,"REDMI 9i Sport (Carbon Black, 64 GB)",Redmi,9i Sport ,Carbon Black,Low
3.3794410072889063,1.345435512195201,"REDMI 9i Sport (Coral Green, 64 GB)",Redmi,9i Sport ,Coral Green,Low
0.7040177222118971,-0.5579637833301325,"POCO M4 Pro 5G (Cool Blue, 64 GB)",Poco,M4 Pro 5G ,Cool Blue,Medium
-0.20772074739210367,0.895075957279758,"realme 9 5G (Stargaze White, 128 GB)",Realme,9 5G ,Stargaze White,High
0.7354884124134565,-0.04245516519076371,"realme 9 5G (Supersonic Blue, 64 GB)",Realme,9 5G ,Supersonic Blue,Medium
0.7354884124134565,-0.04245516519076371,"realme 9 5G (Meteor Black, 64 GB)",Realme,9 5G ,Meteor Black,Medium
-1.0527028574199566,-0.26924081705103636,"MOTOROLA G62 5G (Midnight Gray, 128 GB)",Motorola,G62 5G ,Midnight Gray,Medium
-0.2883379783119686,0.3942448908028807,"POCO M4 Pro 5G (Cool Blue, 128 GB)",Poco,M4 Pro 5G ,Cool Blue,Medium
-0.49869961385039235,0.07493976810388467,"MOTOROLA g52 (Metallic White, 128 GB)",Motorola,g52 ,Metallic White,Medium
-0.20772074739210367,0.895075957279758,"realme 9 5G (Meteor Black, 128 GB)",Realme,9 5G ,Meteor Black,High
-0.2424561811189446,0.0009590809444543132,"SAMSUNG Galaxy F23 5G (Aqua Blue, 128 GB)",Samsung,Galaxy F23 5G ,Aqua Blue,Medium
-0.20772074739210367,0.895075957279758,"realme 9 5G (Supersonic Blue, 128 GB)",Realme,9 5G ,Supersonic Blue,High
0.7354884124134565,-0.04245516519076371,"realme 9 5G (Stargaze White, 64 GB)",Realme,9 5G ,Stargaze White,Medium
-0.49869961385039235,0.07493976810388467,"MOTOROLA g52 (Charcoal Grey, 128 GB)",Motorola,g52 ,Charcoal Grey,Medium
1.3651388341907842,2.146655482921554,"SAMSUNG Galaxy F23 5G (Forest Green, 128 GB)",Samsung,Galaxy F23 5G ,Forest Green,Medium
1.6857286172744546,2.756813577894057,"vivo T1 5G (Starlight Black, 128 GB)",Vivo,T1 5G ,Starlight Black,High
0.40735440160729675,-1.1484866627190917,"MOTOROLA G32 (Satin Silver, 64 GB)",Motorola,G32 ,Satin Silver,Medium
-1.0527028574199566,-0.26924081705103636,"MOTOROLA G62 5G (Frosted Blue, 128 GB)",Motorola,G62 5G ,Frosted Blue,Medium
-0.04264462899863699,-1.514055426324627,"MOTOROLA g42 (Atlantic Green, 64 GB)",Motorola,g42 ,Atlantic Green,Medium
-0.20772074739210367,0.895075957279758,"realme 9 5G (Supersonic Black, 128 GB)",Realme,9 5G ,Supersonic Black,High
0.37633870066065067,-1.3427352321072306,"Infinix HOT 20 Play (Racing Black, 64 GB)",Infinix,HOT 20 Play ,Racing Black,Medium
0.37633870066065067,-1.3427352321072306,"Infinix HOT 20 Play (Aurora Green, 64 GB)",Infinix,HOT 20 Play ,Aurora Green,Medium
0.37633870066065067,-1.3427352321072306,"Infinix HOT 20 Play (Fantasy Purple, 64 GB)",Infinix,HOT 20 Play ,Fantasy Purple,Medium
1.6857286172744546,2.756813577894057,"vivo T1 5G (Rainbow Fantasy, 128 GB)",Vivo,T1 5G ,Rainbow Fantasy,High
0.22798413665963152,0.755250630803236,"vivo T1 5G (Rainbow Fantasy, 128 GB)",Vivo,T1 5G ,Rainbow Fantasy,High
0.013155784935928713,-0.16592665637003,"REDMI Note 11 SE (Cosmic White, 64 GB)",Redmi,Note 11 SE ,Cosmic White,High
2.723053383944133,1.0887230644053656,"REDMI 10 (Midnight Black, 64 GB)",Redmi,10 ,Midnight Black,Medium
2.723053383944133,1.0887230644053656,"REDMI 10 (Pacific Blue, 64 GB)",Redmi,10 ,Pacific Blue,Medium
3.065610310743927,1.0944198679207755,"POCO C31 (Royal Blue, 64 GB)",Poco,C31 ,Royal Blue,Low
-0.6271664262271327,0.07013238517232306,"POCO M4 5G (Cool Blue, 128 GB)",Poco,M4 5G ,Cool Blue,Medium
1.3723899784415523,0.18349090127241996,"vivo T1X (Gravity Black, 64 GB)",Vivo,T1X ,Gravity Black,Medium
1.3723899784415523,0.18349090127241996,"vivo T1X (Space Blue, 64 GB)",Vivo,T1X ,Space Blue,Medium
0.7357949554397388,-0.590436683753446,"POCO M4 5G (Cool Blue, 64 GB)",Poco,M4 5G ,Cool Blue,Medium
-0.6271664262271327,0.07013238517232306,"POCO M4 5G (Power Black, 128 GB)",Poco,M4 5G ,Power Black,Medium
-1.2127517851662724,0.136612132311208,"MOTOROLA g82 5G(White Lily, 128 GB)",Motorola,g82 5G,White Lily,High
-0.2424561811189446,0.0009590809444543132,"SAMSUNG Galaxy F23 5G (Forest Green, 128 GB)",Samsung,Galaxy F23 5G ,Forest Green,Medium
0.22798413665963152,0.755250630803236,"vivo T1 5G (Starlight Black, 128 GB)",Vivo,T1 5G ,Starlight Black,High
1.4246381053480035,-1.6582509653707513,"Infinix Smart 6 HD (Origin Blue, 32 GB)",Infinix,Smart 6 HD ,Origin Blue,Low
-0.0473394687716323,-1.9416115471722277,"MOTOROLA g22 (Iceberg Blue, 64 GB)",Motorola,g22 ,Iceberg Blue,Medium
1.4246381053480035,-1.6582509653707513,"Infinix Smart 6 HD (Aqua Sky, 32 GB)",Infinix,Smart 6 HD ,Aqua Sky,Low
1.4144069262321701,1.5631303837183805,"realme 9i (Prism Blue, 128 GB)",Realme,9i ,Prism Blue,Medium
0.6851289680741266,0.9274669341172758,"vivo T1X (Gravity Black, 128 GB)",Vivo,T1X ,Gravity Black,Medium
0.6851289680741266,0.9274669341172758,"vivo T1X (Space Blue, 128 GB)",Vivo,T1X ,Space Blue,Medium
0.4082384321407175,-1.2874682598513538,"Infinix Hot 12 (Exploratory Blue, 64 GB)",Infinix,Hot 12 ,Exploratory Blue,Medium
0.4082384321407175,-1.2874682598513538,"Infinix Hot 12 (7° Purple, 64 GB)",Infinix,Hot 12 ,7° Purple,Medium
1.4246381053480035,-1.6582509653707513,"Infinix Smart 6 HD (Force Black, 32 GB)",Infinix,Smart 6 HD ,Force Black,Low
2.723053383944133,1.0887230644053656,"REDMI 10 (Caribbean Green, 64 GB)",Redmi,10 ,Caribbean Green,Medium
-0.17160575054975738,0.6313508301859464,"realme 9i (Prism Blue, 128 GB)",Realme,9i ,Prism Blue,Medium
1.4144069262321701,1.5631303837183805,"realme 9i (Prism Black, 128 GB)",Realme,9i ,Prism Black,Medium
0.815931707276871,1.2462460457386435,"vivo T1 44W (Starry Sky, 128 GB)",Vivo,T1 44W ,Starry Sky,Medium
0.815931707276871,1.2462460457386435,"vivo T1 44W (Midnight Galaxy, 128 GB)",Vivo,T1 44W ,Midnight Galaxy,Medium
-0.04264462899863699,-1.514055426324627,"MOTOROLA g42 (Metallic Rose, 64 GB)",Motorola,g42 ,Metallic Rose,Medium
-1.098832731810534,-0.31192500472523854,"MOTOROLA g72 (Polar Blue, 128 GB)",Motorola,g72 ,Polar Blue,Medium
0.7040177222118971,-0.5579637833301325,"POCO M4 Pro 5G (Yellow, 64 GB)",Poco,M4 Pro 5G ,Yellow,Medium
-1.736644041904194,0.19759215017130544,"MOTOROLA g82 5G (Meterorite Grey, 128 GB)",Motorola,g82 5G ,Meterorite Grey,High
-0.7274911975467678,0.22018778335335357,"vivo T1X (Space Blue, 128 GB)",Vivo,T1X ,Space Blue,Medium
1.2881791075034044,2.2703412405229626,"POCO M4 Pro (Power Black, 128 GB)",Poco,M4 Pro ,Power Black,High
0.531348445239337,-1.5487428660367992,"Infinix Smart 6 Plus (Tranquil Sea Blue, 64 GB)",Infinix,Smart 6 Plus ,Tranquil Sea Blue,Medium
-0.13981950963785716,0.9014975461604546,"vivo T1 44W (Midnight Galaxy, 128 GB)",Vivo,T1 44W ,Midnight Galaxy,High
-0.13981950963785716,0.9014975461604546,"vivo T1 44W (Starry Sky, 128 GB)",Vivo,T1 44W ,Starry Sky,High
-0.970447704627067,0.4869848134719003,"realme 10 Pro 5G (Dark Matter, 128 GB)",Realme,10 Pro 5G ,Dark Matter,High
-1.2940355443580895,0.7378239318838725,"realme 10 Pro 5G (Nebula Blue, 128 GB)",Realme,10 Pro 5G ,Nebula Blue,High
0.4082384321407175,-1.2874682598513538,"Infinix Hot 12 (Polar Black, 64 GB)",Infinix,Hot 12 ,Polar Black,Medium
1.1068200292626296,1.2597355733715447,"SAMSUNG Galaxy F13 (Nightsky Green, 128 GB)",Samsung,Galaxy F13 ,Nightsky Green,Medium
0.12051506084264461,0.9724334113550149,"realme 9 (Sunburst Gold, 128 GB)",Realme,9 ,Sunburst Gold,Medium
0.12051506084264461,0.9724334113550149,"realme 9 (Meteor Black, 128 GB)",Realme,9 ,Meteor Black,Medium
0.12051506084264461,0.9724334113550149,"realme 9 (Stargaze White, 128 GB)",Realme,9 ,Stargaze White,Medium
-1.2127517851662724,0.136612132311208,"MOTOROLA g82 5G (Meterorite Grey, 128 GB)",Motorola,g82 5G ,Meterorite Grey,High
-1.16871388898323,0.11436408610859877,"POCO M4 Pro 5G (Power Black, 128 GB)",Poco,M4 Pro 5G ,Power Black,Medium
1.6857286172744546,2.756813577894057,"vivo T1 5G (Silky White, 128 GB)",Vivo,T1 5G ,Silky White,High
-1.16871388898323,0.11436408610859877,"POCO M4 Pro 5G (Cool Blue, 128 GB)",Poco,M4 Pro 5G ,Cool Blue,Medium
3.3794410072889063,1.345435512195201,"REDMI 9i Sport (Metallic Blue, 64 GB)",Redmi,9i Sport ,Metallic Blue,Low
1.1068200292626296,1.2597355733715447,"SAMSUNG Galaxy F13 (Sunrise Copper, 128 GB)",Samsung,Galaxy F13 ,Sunrise Copper,Medium
-1.736644041904194,0.19759215017130544,"MOTOROLA g82 5G (White Lily, 128 GB)",Motorola,g82 5G ,White Lily,High
0.751973701374821,-0.8150417295595311,"MOTOROLA g31 (Meteorite Grey, 64 GB)",Motorola,g31 ,Meteorite Grey,Medium
-1.5408965265591534,-0.05164242116334404,"MOTOROLA G62 5G (Midnight Gray, 128 GB)",Motorola,G62 5G ,Midnight Gray,High
1.957080571966147,-1.2006030234793157,"realme C30 (Denim Black, 32 GB)",Realme,C30 ,Denim Black,Low
1.957080571966147,-1.2006030234793157,"realme C30 (Lake Blue, 32 GB)",Realme,C30 ,Lake Blue,Low
1.1068200292626296,1.2597355733715447,"SAMSUNG Galaxy F13 (Waterfall Blue, 128 GB)",Samsung,Galaxy F13 ,Waterfall Blue,Medium
-0.23410433551383703,1.1980393730409897,"POCO X4 Pro 5G (Laser Blue, 128 GB)",Poco,X4 Pro 5G ,Laser Blue,High
-1.098832731810534,-0.31192500472523854,"MOTOROLA g72 (Meteorite Grey, 128 GB)",Motorola,g72 ,Meteorite Grey,Medium
-0.7862747436581028,-0.3879606634579432,"MOTOROLA g31 (Baby Blue, 128 GB)",Motorola,g31 ,Baby Blue,Medium
-1.8055433110802293,2.242763155819175,"SAMSUNG Galaxy S21 FE 5G (Olive, 128 GB)",Samsung,Galaxy S21 FE 5G ,Olive,Very high
-0.21546610094573784,0.6482438146436865,"POCO M3 Pro 5G (Yellow, 128 GB)",Poco,M3 Pro 5G ,Yellow,High
0.791399090392881,1.5319691012530563,"OPPO K10 (Black Carbon, 128 GB)",Oppo,K10 ,Black Carbon,Medium
-0.7163342430919174,0.7390471493849637,"realme 9 (Stargaze White, 128 GB)",Realme,9 ,Stargaze White,High
0.791399090392881,1.5319691012530563,"OPPO K10 (Blue Flame, 128 GB)",Oppo,K10 ,Blue Flame,Medium
-0.5365142814716267,-0.09349222945010713,"REDMI 10 (Pacific Blue, 128 GB)",Redmi,10 ,Pacific Blue,Medium
0.751973701374821,-0.8150417295595311,"MOTOROLA g31 (Baby Blue, 64 GB)",Motorola,g31 ,Baby Blue,Medium
-0.09766695040451659,-0.8208267510143747,"Infinix Note 12 5G (Force Black, 64 GB)",Infinix,Note 12 5G ,Force Black,Medium
-2.009274529937667,0.4978742312111183,"MOTOROLA Edge 30 (Aurora Green, 128 GB)",Motorola,Edge 30 ,Aurora Green,High
0.5267693700617717,-1.0340936566245558,"Infinix Note 12 (Jewel Blue, 64 GB)",Infinix,Note 12 ,Jewel Blue,Medium
0.5267693700617717,-1.0340936566245558,"Infinix Note 12 (Force Black, 64 GB)",Infinix,Note 12 ,Force Black,Medium
1.0669316502567487,-1.8152944662440387,"realme C30 (Lake Blue, 32 GB)",Realme,C30 ,Lake Blue,Low
1.0669316502567487,-1.8152944662440387,"realme C30 (Denim Black, 32 GB)",Realme,C30 ,Denim Black,Low
0.7354884124134565,-0.04245516519076371,"realme 9 5G (Supersonic Black, 64 GB)",Realme,9 5G ,Supersonic Black,Medium
-1.0161962394144837,0.9434741006189729,"OPPO F19 Pro+ 5G (Space Silver, 128 GB)",Oppo,F19 Pro+ 5G ,Space Silver,High
2.0075007941639824,1.4947463500029676,"POCO M4 Pro (Power Black, 64 GB)",Poco,M4 Pro ,Power Black,Medium
0.8321309629595881,-2.0966647665591567,"Micromax IN 2C (Silver, 32 GB)",Micromax,IN 2C ,Silver,Low
-2.009274529937667,0.4978742312111183,"MOTOROLA Edge 30 (Meteor Grey, 128 GB)",Motorola,Edge 30 ,Meteor Grey,High
0.9028012974699484,-2.1865573904701323,"REDMI A1 (Black, 32 GB)",Redmi,A1 ,Black,Low
-1.2617300932511903,0.459156251854385,"vivo T1 44W (Midnight Galaxy, 128 GB)",Vivo,T1 44W ,Midnight Galaxy,High
0.11344852573931315,-1.1130721681326308,"MOTOROLA G51 5G (Bright Silver, 64 GB)",Motorola,G51 5G ,Bright Silver,Medium
1.2065544917618227,-0.40898382477441275,"realme C31 (Dark Green, 64 GB)",Realme,C31 ,Dark Green,Medium
1.2881791075034044,2.2703412405229626,"POCO M4 Pro (Yellow, 128 GB)",Poco,M4 Pro ,Yellow,High
-0.5365142814716267,-0.09349222945010713,"REDMI 10 (Caribbean Green, 128 GB)",Redmi,10 ,Caribbean Green,Medium
0.300477823698936,-1.4160148663577103,"REDMI 10A (Charcoal Black, 64 GB)",Redmi,10A ,Charcoal Black,Medium
0.0786305051272842,-1.402088242406939,"Tecno Spark 8T (Atlantic Blue, 64 GB)",Tecno,Spark 8T ,Atlantic Blue,Medium
1.7940810396300548,0.5157595405266886,"SAMSUNG Galaxy F13 (Sunrise Copper, 64 GB)",Samsung,Galaxy F13 ,Sunrise Copper,Medium
0.25857028381469366,-1.4483914455791913,"REDMI 10A (Sea Blue, 64 GB)",Redmi,10A ,Sea Blue,Medium
-1.1345289979214332,0.5804540736120797,"POCO M4 Pro (Yellow, 128 GB)",Poco,M4 Pro ,Yellow,High
-0.6271664262271327,0.07013238517232306,"POCO M4 5G (Yellow, 128 GB)",Poco,M4 5G ,Yellow,Medium
0.5307038032915078,-2.2099619075556283,"REDMI 10A (Sea Blue, 32 GB)",Redmi,10A ,Sea Blue,Medium
0.2647900550155652,-1.4545255039681684,"REDMI 10A (Sea Blue, 64 GB)",Redmi,10A ,Sea Blue,Medium
1.6346327987124964,-0.8816843362101237,"realme C31 (Dark Green, 32 GB)",Realme,C31 ,Dark Green,Medium
1.3651388341907842,2.146655482921554,"SAMSUNG Galaxy F23 5G (Copper Blush, 128 GB)",Samsung,Galaxy F23 5G ,Copper Blush,Medium
-0.09766695040451659,-0.8208267510143747,"Infinix Note 12 5G (Snowfall, 64 GB)",Infinix,Note 12 5G ,Snowfall,Medium
1.7940810396300548,0.5157595405266886,"SAMSUNG Galaxy F13 (Nightsky Green, 64 GB)",Samsung,Galaxy F13 ,Nightsky Green,Medium
1.1323173915183666,-1.2728614592233807,"Infinix Smart 6 (Light Sea Green, 64 GB)",Infinix,Smart 6 ,Light Sea Green,Low
1.0252862499176412,-0.2671254149875182,"SAMSUNG Galaxy M04 (Light Green, 64 GB)",Samsung,Galaxy M04 ,Light Green,Medium
1.2881791075034044,2.2703412405229626,"POCO M4 Pro (Cool Blue, 128 GB)",Poco,M4 Pro ,Cool Blue,High
-0.23410433551383703,1.1980393730409897,"POCO X4 Pro 5G (Laser Black, 128 GB)",Poco,X4 Pro 5G ,Laser Black,High
-0.05005078787081962,-1.1520640098051405,"Infinix Hot 12 Pro (Lightsaber Green, 64 GB)",Infinix,Hot 12 Pro ,Lightsaber Green,Medium
-1.3384298290389085,-0.5413037213782614,"Infinix Hot 12 Pro (Halo White, 128 GB)",Infinix,Hot 12 Pro ,Halo White,Medium
-0.23410433551383703,1.1980393730409897,"POCO X4 Pro 5G (Yellow, 128 GB)",Poco,X4 Pro 5G ,Yellow,High
2.5476627121607907,1.2236680562602316,"realme C35 (Glowing Green, 64 GB)",Realme,C35 ,Glowing Green,Medium
-1.2200743458506138,0.7463818221612325,"vivo T1 5G (Rainbow Fantasy, 128 GB)",Vivo,T1 5G ,Rainbow Fantasy,High
1.1323173915183666,-1.2728614592233807,"Infinix Smart 6 (Heart Of Ocean, 64 GB)",Infinix,Smart 6 ,Heart Of Ocean,Low
1.1323173915183666,-1.2728614592233807,"Infinix Smart 6 (Starry Purple, 64 GB)",Infinix,Smart 6 ,Starry Purple,Low
0.24860364945661556,-1.3648555546393346,"REDMI 10A (Sea Blue, 64 GB)",Redmi,10A ,Sea Blue,Medium
1.2065544917618227,-0.40898382477441275,"realme C31 (Light Silver, 64 GB)",Realme,C31 ,Light Silver,Medium
1.5705114461261915,-0.818446620859845,"realme C31 (Light Silver, 32 GB)",Realme,C31 ,Light Silver,Medium
-1.1345289979214332,0.5804540736120797,"POCO M4 Pro (Power Black, 128 GB)",Poco,M4 Pro ,Power Black,High
-1.2940355443580895,0.7378239318838725,"realme 10 Pro 5G (Hyperspace, 128 GB)",Realme,10 Pro 5G ,Hyperspace,High
1.8604017017933652,1.9676440891050868,"realme C35 (Glowing Black, 128 GB)",Realme,C35 ,Glowing Black,Medium
-1.2420451903809477,0.23747284475908825,"Infinix Note 12 Pro 5G (Snowfall, 128 GB)",Infinix,Note 12 Pro 5G ,Snowfall,High
1.7940810396300548,0.5157595405266886,"SAMSUNG Galaxy F13 (Waterfall Blue, 64 GB)",Samsung,Galaxy F13 ,Waterfall Blue,Medium
-0.2424561811189446,0.0009590809444543132,"SAMSUNG Galaxy F23 5G (Copper Blush, 128 GB)",Samsung,Galaxy F23 5G ,Copper Blush,Medium
1.9891412482592994,-1.2322218811544559,"Realme C30 - Locked with Airtel Prepaid (Lake Blue, 32 GB)",Realme,C30 - Locked with Airtel Prepaid ,Lake Blue,Low
-0.2883379783119686,0.3942448908028807,"POCO M4 Pro 5G (Power Black, 128 GB)",Poco,M4 Pro 5G ,Power Black,Medium
-1.2420451903809477,0.23747284475908825,"Infinix Note 12 Pro 5G (Force Black, 128 GB)",Infinix,Note 12 Pro 5G ,Force Black,High
-1.2131979099080419,-0.4248696075337305,"SAMSUNG GALAXY M13 5G (Aqua Green, 128 GB)",Samsung,GALAXY M13 5G ,Aqua Green,Medium
2.6434317509984804,-0.2131105675104689,"POCO C31 (Shadow Gray, 32 GB)",Poco,C31 ,Shadow Gray,Low
-1.2212807377478334,0.8697691370515876,"vivo T1 Pro 5G (Turbo Black, 128 GB)",Vivo,T1 Pro 5G ,Turbo Black,High
-0.7832715220229635,-0.2031434056025511,"REDMI 10 Prime (Bifrost Blue, 128 GB)",Redmi,10 Prime ,Bifrost Blue,Medium
-1.8055433110802293,2.242763155819175,"SAMSUNG Galaxy S21 FE 5G (Lavender, 128 GB)",Samsung,Galaxy S21 FE 5G ,Lavender,Very high
1.333379592070582,2.2001255133294655,"MOTOROLA G60 (Moonless, 128 GB)",Motorola,G60 ,Moonless,High
1.1323173915183666,-1.2728614592233807,"Infinix Smart 6 (Polar Black, 64 GB)",Infinix,Smart 6 ,Polar Black,Low
-0.7832715220229635,-0.2031434056025511,"REDMI 10 Prime (Astral White, 128 GB)",Redmi,10 Prime ,Astral White,Medium
0.15639114578034516,-1.1380169050217297,"MOTOROLA g52 (Charcoal Grey, 64 GB)",Motorola,g52 ,Charcoal Grey,Medium
1.0969993464044236,-1.3565786224834906,"realme C33 (Night Sea, 32 GB)",Realme,C33 ,Night Sea,Medium
4.044847880461587,0.9751812912123518,"realme C11 2021 (Cool Grey, 32 GB)",Realme,C11 2021 ,Cool Grey,Low
-1.2617300932511903,0.459156251854385,"vivo T1 44W (Starry Sky, 128 GB)",Vivo,T1 44W ,Starry Sky,High
1.0969993464044236,-1.3565786224834906,"realme C33 (Aqua Blue, 32 GB)",Realme,C33 ,Aqua Blue,Medium
1.0969993464044236,-1.3565786224834906,"realme C33 (Sandy Gold, 32 GB)",Realme,C33 ,Sandy Gold,Medium
-1.5099855162281204,-5.07488430159115,"POCO C50 (Country Green, 32 GB)",Poco,C50 ,Country Green,Low
-1.16871388898323,0.11436408610859877,"POCO M4 Pro 5G (Yellow, 128 GB)",Poco,M4 Pro 5G ,Yellow,Medium
2.0501571373249976,0.3025015910671708,"Infinix HOT 12 Play (Racing Black, 64 GB)",Infinix,HOT 12 Play ,Racing Black,Medium
2.0501571373249976,0.3025015910671708,"Infinix HOT 12 Play (Daylight Green, 64 GB)",Infinix,HOT 12 Play ,Daylight Green,Medium
2.0501571373249976,0.3025015910671708,"Infinix HOT 12 Play (Horizon Blue, 64 GB)",Infinix,HOT 12 Play ,Horizon Blue,Medium
2.0501571373249976,0.3025015910671708,"Infinix HOT 12 Play (Champagne Gold, 64 GB)",Infinix,HOT 12 Play ,Champagne Gold,Medium
0.9127401071208257,-2.196359236349426,"REDMI A1 (Light Green, 32 GB)",Redmi,A1 ,Light Green,Low
0.7063464561951758,-0.07361362284207408,"realme 9i 5G (Metallica Gold, 64 GB)",Realme,9i 5G ,Metallica Gold,Medium
0.7063464561951758,-0.07361362284207408,"realme 9i 5G (Soulful Blue, 64 GB)",Realme,9i 5G ,Soulful Blue,Medium
0.7063464561951758,-0.07361362284207408,"realme 9i 5G (Rocking Black, 64 GB)",Realme,9i 5G ,Rocking Black,Medium
0.34787346841033445,-1.3015022982945679,"vivo Y16 (Drizzling Gold, 64 GB)",Vivo,Y16 ,Drizzling Gold,Medium
-0.05005078787081962,-1.1520640098051405,"Infinix Hot 12 Pro (Electric Blue, 64 GB)",Infinix,Hot 12 Pro ,Electric Blue,Medium
-1.632326557405178,0.48402500951356214,"POCO X4 Pro 5G (Laser Black, 128 GB)",Poco,X4 Pro 5G ,Laser Black,High
0.3134303369213697,-1.4287888848584667,"REDMI 10A (Slate grey, 64 GB)",Redmi,10A ,Slate grey,Medium
0.5359945376215521,-2.192644644537269,"REDMI 10A (Charcoal Black, 32 GB)",Redmi,10A ,Charcoal Black,Medium
0.1751331407696727,-1.497261004009108,"Tecno Spark 8T (Turquoise Cyan, 64 GB)",Tecno,Spark 8T ,Turquoise Cyan,Medium
-1.085168447282488,0.07180348873086366,"Infinix Note 12 TURBO (Snowfall, 128 GB)",Infinix,Note 12 TURBO ,Snowfall,Medium
-0.6717900696994468,-0.21941850720397343,"Infinix Note 12 (Jewel Blue, 128 GB)",Infinix,Note 12 ,Jewel Blue,Medium
-0.6717900696994468,-0.21941850720397343,"Infinix Note 12 (Force Black, 128 GB)",Infinix,Note 12 ,Force Black,Medium
-2.8555299269875785,0.8734965073873009,"MOTOROLA Edge 30 Pro (Cosmos Blue, 128 GB)",Motorola,Edge 30 Pro ,Cosmos Blue,Very high
1.9891412482592994,-1.2322218811544559,"Realme C30 - Locked with Airtel Prepaid (Bamboo Green, 32 GB)",Realme,C30 - Locked with Airtel Prepaid ,Bamboo Green,Low
1.9891412482592994,-1.2322218811544559,"Realme C30 - Locked with Airtel Prepaid (Denim Black, 32 GB)",Realme,C30 - Locked with Airtel Prepaid ,Denim Black,Low
-0.7003668332246563,0.37176781887082283,"REDMI Note 10T 5G (Mint Green, 128 GB)",Redmi,Note 10T 5G ,Mint Green,High
-1.632326557405178,0.48402500951356214,"POCO X4 Pro 5G (Laser Blue, 128 GB)",Poco,X4 Pro 5G ,Laser Blue,High
1.2066147864938546,-0.22463737971966763,"realme C33 (Aqua Blue, 64 GB)",Realme,C33 ,Aqua Blue,Medium
1.2066147864938546,-0.22463737971966763,"realme C33 (Sandy Gold, 64 GB)",Realme,C33 ,Sandy Gold,Medium
1.2066147864938546,-0.22463737971966763,"realme C33 (Night Sea, 64 GB)",Realme,C33 ,Night Sea,Medium
1.333379592070582,2.2001255133294655,"MOTOROLA G60 (Frosted Champagne, 128 GB)",Motorola,G60 ,Frosted Champagne,High
-0.5968486111827302,0.3432228028584389,"OPPO F19 (Midnight Blue, 128 GB)",Oppo,F19 ,Midnight Blue,High
0.013155784935928713,-0.16592665637003,"REDMI Note 11 SE (Bifrost Blue, 64 GB)",Redmi,Note 11 SE ,Bifrost Blue,High
-1.2064857145577341,0.20519627318360198,"Infinix Note 11s Free Fire Edition (Haze Green, 128 GB)",Infinix,Note 11s Free Fire Edition ,Haze Green,High
-0.5968486111827302,0.3432228028584389,"OPPO F19 (Prism Black, 128 GB)",Oppo,F19 ,Prism Black,High
-1.397422677184532,1.3938731832875813,"Google Pixel 6a (Charcoal, 128 GB)",Google,Pixel 6a ,Charcoal,High
-1.766481722001989,0.9745754570091054,"POCO F4 5G (Night Black, 128 GB)",Poco,F4 5G ,Night Black,High
-1.06754491038422,-0.9112272016498631,"REDMI 10A SPORT (SLATE GREY, 128 GB)",Redmi,10A SPORT ,SLATE GREY,Medium
-1.5794043897832346,0.22497217005669953,"MOTOROLA edge 30 (Meteor Grey, 128 GB)",Motorola,edge 30 ,Meteor Grey,High
-1.146495181335528,-0.1378342685844714,"IQOO Z6 44W (Ravan Black, 128 GB)",Iqoo,Z6 44W ,Ravan Black,High
-0.5530256492842534,1.2028802627409072,"realme 9 Pro+ 5G (Aurora Green, 128 GB)",Realme,9 Pro+ 5G ,Aurora Green,High
2.765863345812438,-0.22056585590314223,"realme Narzo 50i (Carbon Black, 32 GB)",Realme,Narzo 50i ,Carbon Black,Low
-0.8148988998382436,-0.11001045761221741,"realme C35 (Glowing Black, 128 GB)",Realme,C35 ,Glowing Black,Medium
-0.8148988998382436,-0.11001045761221741,"realme C35 (Glowing Green, 128 GB)",Realme,C35 ,Glowing Green,Medium
-1.1345289979214332,0.5804540736120797,"POCO M4 Pro (Cool Blue, 128 GB)",Poco,M4 Pro ,Cool Blue,High
-1.0385620590152103,-0.9398106489881892,"REDMI 10A SPORT (SEA BLUE, 128 GB)",Redmi,10A SPORT ,SEA BLUE,Medium
0.33369842651486575,-0.4820519954060728,"REDMI Note 11 SE (Thunder Purple, 64 GB)",Redmi,Note 11 SE ,Thunder Purple,Medium
0.06194893480636584,-1.3425408082768253,"SAMSUNG GALAXY M13 (Aqua Green, 64 GB)",Samsung,GALAXY M13 ,Aqua Green,Medium
0.8321309629595881,-2.0966647665591567,"Micromax IN 2C (Brown, 32 GB)",Micromax,IN 2C ,Brown,Low
-1.0177481348817148,0.04858620595991818,"Tecno POVA 4 (Uranolith Grey, 128 GB)",Tecno,POVA 4 ,Uranolith Grey,Medium
2.7598359386693265,-0.21462151066021556,"realme Narzo 50i (Mint Green, 32 GB)",Realme,Narzo 50i ,Mint Green,Low
0.6915039735940471,-1.673490314716996,"vivo Y16 (Steller Black, 32 GB)",Vivo,Y16 ,Steller Black,Medium
1.2978860286216898,-1.504492728760979,"realme C30s (Stripe Blue, 32 GB)",Realme,C30s ,Stripe Blue,Low
-0.020643024391211184,-1.310278216543669,"Tecno Pova 3 (Electric Blue, 64 GB)",Tecno,Pova 3 ,Electric Blue,Medium
0.04572257553561422,-1.3757292519312074,"Tecno Pova 3 (Tech Silver, 64 GB)",Tecno,Pova 3 ,Tech Silver,Medium
-1.1507034410902393,-0.49335321714947616,"Tecno Pova 3 (Tech Silver, 128 GB)",Tecno,Pova 3 ,Tech Silver,Medium
0.046107303651131984,-1.3761086782233092,"Tecno Pova 3 (Eco Black, 64 GB)",Tecno,Pova 3 ,Eco Black,Medium
-3.624839475142073,3.1800880798843463,"POCO F4 5G (Night Black, 256 GB)",Poco,F4 5G ,Night Black,High
2.0002356215373447,0.6204823503776753,"SAMSUNG Galaxy F22 (Denim Blue, 64 GB)",Samsung,Galaxy F22 ,Denim Blue,Medium
0.11344852573931315,-1.1130721681326308,"MOTOROLA G51 5G (Indigo Blue, 64 GB)",Motorola,G51 5G ,Indigo Blue,Medium
-1.1987029994397491,0.3937654354046829,"OPPO K10 (Black Carbon, 128 GB)",Oppo,K10 ,Black Carbon,High
0.30759529383601597,-1.4230342527615913,"REDMI 10A (Charcoal Black, 64 GB)",Redmi,10A ,Charcoal Black,Medium
-1.446113009330169,0.49476232888076044,"SAMSUNG Galaxy M33 5G (Deep Ocean Blue, 128 GB)",Samsung,Galaxy M33 5G ,Deep Ocean Blue,High
-1.1946668390106,-0.4431453072699608,"SAMSUNG GALAXY M13 5G (Midnight Blue, 128 GB)",Samsung,GALAXY M13 5G ,Midnight Blue,Medium
0.058329719407187265,-1.7320213427340239,"Tecno Spark 9 (Infinity Black, 64 GB)",Tecno,Spark 9 ,Infinity Black,Medium
0.02553125770187879,-1.3270054697105382,"Infinix HOT 20 5G (Blaster Green, 64 GB)",Infinix,HOT 20 5G ,Blaster Green,Medium
-1.4204644682956464,0.46946724274064894,"SAMSUNG Galaxy M33 5G (Deep Ocean Blue, 128 GB)",Samsung,Galaxy M33 5G ,Deep Ocean Blue,High
-0.8243416523407495,0.8074858628933528,"OPPO F19s (Glowing Gold, 128 GB)",Oppo,F19s ,Glowing Gold,High
-1.189873267571996,0.588563806779483,"Infinix Zero 20 (Green Fantasy, 128 GB)",Infinix,Zero 20 ,Green Fantasy,High
-1.189873267571996,0.588563806779483,"Infinix Zero 20 (DEEP GRAY, 128 GB)",Infinix,Zero 20 ,DEEP GRAY,High
0.9322357952737159,-1.910246005824222,"vivo Y01 (Elegant Black, 32 GB)",Vivo,Y01 ,Elegant Black,Medium
1.179853835000043,-0.4926498743512467,"realme Narzo 50i (Carbon Black, 64 GB)",Realme,Narzo 50i ,Carbon Black,Medium
-2.116192903903184,1.1621915981050674,"IQOO Neo 6 5G (Dark Nova, 128 GB)",Iqoo,Neo 6 5G ,Dark Nova,Very high
0.7837046484299067,-2.1123349576853614,"vivo Y01A (Sapphire Blue, 32 GB)",Vivo,Y01A ,Sapphire Blue,Medium
-1.0134698130945237,1.4451599164260136,"realme 9 Pro+ 5G (Aurora Green, 128 GB)",Realme,9 Pro+ 5G ,Aurora Green,High
-0.5530256492842534,1.2028802627409072,"realme 9 Pro+ 5G (Midnight Black, 128 GB)",Realme,9 Pro+ 5G ,Midnight Black,High
-1.0134698130945237,1.4451599164260136,"realme 9 Pro+ 5G (Midnight Black, 128 GB)",Realme,9 Pro+ 5G ,Midnight Black,High
-2.3879918338293753,2.933111982115726,"realme 9 Pro+ 5G (Aurora Green, 256 GB)",Realme,9 Pro+ 5G ,Aurora Green,High
1.8604017017933652,1.9676440891050868,"realme C35 (Glowing Green, 128 GB)",Realme,C35 ,Glowing Green,Medium
-0.44028750966485714,-0.8513464214085099,"REDMI Note 11S (Horizon Blue, 64 GB)",Redmi,Note 11S ,Horizon Blue,High
-0.7148604700203003,-0.44832776388931184,"REDMI 9 Activ (Coral Green, 128 GB)",Redmi,9 Activ ,Coral Green,Medium
-1.5142464080061988,1.0911158696904566,"vivo T1 Pro 5G (Turbo Cyan, 128 GB)",Vivo,T1 Pro 5G ,Turbo Cyan,High
-1.1617410099924121,0.09633708719389737,"SAMSUNG Galaxy M33 5G (Mystique Green, 128 GB)",Samsung,Galaxy M33 5G ,Mystique Green,High
-1.085168447282488,0.07180348873086366,"Infinix Note 12 TURBO (Jewel Blue, 128 GB)",Infinix,Note 12 TURBO ,Jewel Blue,Medium
-1.085168447282488,0.07180348873086366,"Infinix Note 12 TURBO (Force Black, 128 GB)",Infinix,Note 12 TURBO ,Force Black,Medium
-1.7083569079544116,0.4084697557366005,"REDMI K50i (Quick Silver, 128 GB)",Redmi,K50i ,Quick Silver,High
-1.1758137897523668,1.0988599251174478,"realme 10 Pro+ 5G (Nebula Blue, 128 GB)",Realme,10 Pro+ 5G ,Nebula Blue,High
-2.491696235561822,1.4033449635045463,"Infinix Note 12 Pro (Volcanic Grey, 256 GB)",Infinix,Note 12 Pro ,Volcanic Grey,Medium
-0.6694020319539976,0.8967678497095054,"realme 9 5G SE (Azure Glow, 128 GB)",Realme,9 5G SE ,Azure Glow,High
-0.6694020319539976,0.8967678497095054,"realme 9 5G SE (Starry Glow, 128 GB)",Realme,9 5G SE ,Starry Glow,High
1.2978860286216898,-1.504492728760979,"realme C30s (Stripe Black, 32 GB)",Realme,C30s ,Stripe Black,Low
8.516898395955536,6.385182925833635,"REDMI 9i (Sea Blue, 64 GB)",Redmi,9i ,Sea Blue,Medium
3.1253498765690013,1.3230905094827308,"realme C11 2021 (Cool Grey, 64 GB)",Realme,C11 2021 ,Cool Grey,Medium
3.1253498765690013,1.3230905094827308,"realme C11 2021 (Cool Blue, 64 GB)",Realme,C11 2021 ,Cool Blue,Medium
-6.87423186176744,5.18331111614751,"Itel Magic2 4G( WiFi,Hotspot Tethering)",Itel,Magic2 4G, WiFi,Low
-0.0473394687716323,-1.9416115471722277,"MOTOROLA g22 (Cosmic Black, 64 GB)",Motorola,g22 ,Cosmic Black,Medium
-1.6824756931927247,0.4126131339571488,"REDMI K50i 5G (Stealth Black, 128 GB)",Redmi,K50i 5G ,Stealth Black,High
0.02553125770187879,-1.3270054697105382,"Infinix HOT 20 5G (Space Blue, 64 GB)",Infinix,HOT 20 5G ,Space Blue,Medium
-1.2600162775497545,-0.03570270541221598,"REDMI Note 11T 5G (Aquamarine Blue, 128 GB)",Redmi,Note 11T 5G ,Aquamarine Blue,High
-2.1245286797394027,1.1704125011006035,"IQOO Neo 6 5G (Dark Nova, 128 GB)",Iqoo,Neo 6 5G ,Dark Nova,Very high
1.0869796041751545,-0.21058065503779647,"realme C25_Y (Glacier Blue, 64 GB)",Realme,C25_Y ,Glacier Blue,Medium
0.39971859380772884,0.5333953778070595,"realme C25_Y (Metal Grey, 128 GB)",Realme,C25_Y ,Metal Grey,Medium
-1.2035797070200966,-0.4343552648362722,"SAMSUNG GALAXY M13 5G (Aqua Green, 128 GB)",Samsung,GALAXY M13 5G ,Aqua Green,Medium
-1.44765192179224,0.49628003404916676,"SAMSUNG Galaxy M33 5G (Mystique Green, 128 GB)",Samsung,Galaxy M33 5G ,Mystique Green,High
-1.099013924243841,0.5490603654176512,"vivo Y33T (Mid day dream, 128 GB)",Vivo,Y33T ,Mid day dream,High
0.23217246410061265,-1.1322641919852432,"POCO M5 (Power Black, 64 GB)",Poco,M5 ,Power Black,Medium
1.0674519797685702,-2.0589876995642564,"itel Vision3 (Multi Green, 32 GB)",Itel,Vision3 ,Multi Green,Low
0.03687748594512073,-1.3178148615748666,"SAMSUNG GALAXY M13 (Aqua Green, 64 GB)",Samsung,GALAXY M13 ,Aqua Green,Medium
-1.6298426620109763,0.7302806344855854,"realme 9 5G SE (Azure Glow, 128 GB)",Realme,9 5G SE ,Azure Glow,High
-1.6298426620109763,0.7302806344855854,"realme 9 5G SE (Starry Glow, 128 GB)",Realme,9 5G SE ,Starry Glow,High
0.7850740019667368,-1.9562260682925021,"Redmi 9A Sport (Coral Green, 32 GB)",Redmi,9A Sport ,Coral Green,Low
0.11669311299969826,-0.9949761822839591,"OPPO A16 (Crystal Black, 64 GB)",Oppo,A16 ,Crystal Black,Medium
-1.3421050404507535,0.05244907629362984,"REDMI Note 11S (Horizon Blue, 128 GB)",Redmi,Note 11S ,Horizon Blue,High
0.23217246410061265,-1.1322641919852432,"POCO M5 (Icy Blue, 64 GB)",Poco,M5 ,Icy Blue,Medium
-0.7569339999039914,0.32495919033492504,"Moto G71 5G (Arctic Blue, 128 GB)",Moto,G71 5G ,Arctic Blue,High
0.11669311299969826,-0.9949761822839591,"OPPO A16 (Pearl Blue, 64 GB)",Oppo,A16 ,Pearl Blue,Medium
-1.2212807377478334,0.8697691370515876,"vivo T1 Pro 5G (Turbo Cyan, 128 GB)",Vivo,T1 Pro 5G ,Turbo Cyan,High
-0.9757886772837352,0.171799809080663,"realme 9i 5G (Metallica Gold, 128 GB)",Realme,9i 5G ,Metallica Gold,High
0.40345617405068895,-2.0753602031668117,"vivo Y15c (Wave Green, 32 GB)",Vivo,Y15c ,Wave Green,Medium
0.5713912074167267,-0.44189738222465375,"realme Narzo 50 (Speed Blue, 64 GB)",Realme,Narzo 50 ,Speed Blue,Medium
-0.6956969815701516,0.31260396578647925,"realme Narzo 50 (Speed Blue, 128 GB)",Realme,Narzo 50 ,Speed Blue,High
-1.2252164871900522,0.2954239485803102,"REDMI Note 10 Lite (Glacier White, 128 GB)",Redmi,Note 10 Lite ,Glacier White,High
-2.3879918338293753,2.933111982115726,"realme 9 Pro+ 5G (Sunrise Blue, 256 GB)",Realme,9 Pro+ 5G ,Sunrise Blue,High
1.0869796041751545,-0.21058065503779647,"realme C25_Y (Metal Grey, 64 GB)",Realme,C25_Y ,Metal Grey,Medium
0.39971859380772884,0.5333953778070595,"realme C25_Y (Glacier Blue, 128 GB)",Realme,C25_Y ,Glacier Blue,Medium
-1.3206917869316563,0.1929688507234036,"Redmi Note 11 PRO Plus 5G (Stealth Black, 128 GB)",Redmi,Note 11 PRO Plus 5G ,Stealth Black,High
-1.065621269806631,-0.9131243331103717,"REDMI 10A SPORT (SEA BLUE, 128 GB)",Redmi,10A SPORT ,SEA BLUE,Medium
0.4540650826580028,1.0324942193668756,"realme 8 5G (Supersonic Black, 128 GB)",Realme,8 5G ,Supersonic Black,High
0.2807284471023543,-1.3965376500298243,"REDMI 10A (Sea Blue, 64 GB)",Redmi,10A ,Sea Blue,Medium
0.9302422716589582,-2.2586495560993702,"itel A49 (Crystal Purple, 32 GB)",Itel,A49 ,Crystal Purple,Low
0.2445666084311617,-1.3062592902816221,"REDMI 9 Activ (Coral Green, 64 GB)",Redmi,9 Activ ,Coral Green,Medium
0.1558343870169578,-1.490322040496603,"MOTOROLA e22s (Eco Black, 64 GB)",Motorola,e22s ,Eco Black,Medium
-1.4194964142854012,1.8109380089386924,"OPPO Reno8 5G (Shimmer Black, 128 GB)",Oppo,Reno8 5G ,Shimmer Black,High
-1.4194964142854012,1.8109380089386924,"OPPO Reno8 5G (Shimmer Gold, 128 GB)",Oppo,Reno8 5G ,Shimmer Gold,High
0.8827215974066487,-2.2062453448832064,"Tecno Pop 5 LTE (Ice Blue, 32 GB)",Tecno,Pop 5 LTE ,Ice Blue,Low
-1.672040741202365,0.009453796280958954,"IQOO Z6 5G (Chromatic Blue, 128 GB)",Iqoo,Z6 5G ,Chromatic Blue,High
-1.1098027143975049,0.0451145377601718,"SAMSUNG Galaxy M33 5G (Deep Ocean Blue, 128 GB)",Samsung,Galaxy M33 5G ,Deep Ocean Blue,High
0.33369842651486575,-0.4820519954060728,"REDMI Note 11 SE (Space Black, 64 GB)",Redmi,Note 11 SE ,Space Black,Medium
-0.7758343801401897,-0.13457098979944357,"POCO M5 (Icy Blue, 128 GB)",Poco,M5 ,Icy Blue,Medium
-1.3777678642799005,-0.2759385530966227,"REDMI 10 Power (Sporty Orange, 128 GB)",Redmi,10 Power ,Sporty Orange,Medium
-1.632326557405178,0.48402500951356214,"POCO X4 Pro 5G (Yellow, 128 GB)",Poco,X4 Pro 5G ,Yellow,High
-0.22155919466924917,0.07913754435856504,"Redmi Note 9 Pro (Interstellar Black, 128 GB)",Redmi,Note 9 Pro ,Interstellar Black,Medium
-0.3710303528698896,0.8745070067447476,"REDMI Note 10 Pro (Vintage Bronze, 128 GB)",Redmi,Note 10 Pro ,Vintage Bronze,High
-1.3108716279885693,0.7846269322873508,"realme 9 Pro 5G (Aurora Green, 128 GB)",Realme,9 Pro 5G ,Aurora Green,High
-0.38539071921184187,-2.2899912175349453,"MOTOROLA e32s (Slate Gray, 64 GB)",Motorola,e32s ,Slate Gray,Medium
-1.3979547385534252,0.1075291263637226,"REDMI Note 11S (Horizon Blue, 128 GB)",Redmi,Note 11S ,Horizon Blue,High
1.0977600662981597,-2.0261988364040646,"Redmi 9A Sport (Carbon Black, 32 GB)",Redmi,9A Sport ,Carbon Black,Low
-1.2067857746494115,-0.4311933790687583,"SAMSUNG GALAXY M13 5G (Midnight Blue, 128 GB)",Samsung,GALAXY M13 5G ,Midnight Blue,Medium
-1.3108716279885693,0.7846269322873508,"realme 9 Pro 5G (Midnight Black, 128 GB)",Realme,9 Pro 5G ,Midnight Black,High
-0.9757886772837352,0.171799809080663,"realme 9i 5G (Soulful Blue, 128 GB)",Realme,9i 5G ,Soulful Blue,High
-1.2376712476295815,-0.03431598036892051,"REDMI Note 11 Pro (Phantom White, 128 GB)",Redmi,Note 11 Pro ,Phantom White,High
0.02553125770187879,-1.3270054697105382,"Infinix HOT 20 5G (Racing Black, 64 GB)",Infinix,HOT 20 5G ,Racing Black,Medium
4.958912356381796,1.8337045883691734,"realme C20 (Cool Grey, 32 GB)",Realme,C20 ,Cool Grey,Low
2.8101212467155894,1.7850914520294139,"realme 8i (Space Purple, 64 GB)",Realme,8i ,Space Purple,Medium
2.8101212467155894,1.7850914520294139,"realme 8i (Space Black, 64 GB)",Realme,8i ,Space Black,Medium
2.0002356215373447,0.6204823503776753,"SAMSUNG Galaxy F22 (Denim Black, 64 GB)",Samsung,Galaxy F22 ,Denim Black,Medium
-3.0086109167136477,1.7187265380215355,"SAMSUNG Galaxy A73 5G (Awesome Gray, 128 GB)",Samsung,Galaxy A73 5G ,Awesome Gray,Very high
-4.913038190907743,2.9518238271072437,"IQOO 9 5G (Alpha, 256 GB)",Iqoo,9 5G ,Alpha,Very high
0.059668151780737054,-0.9856777980692387,"vivo Y21G (Diamond Glow, 64 GB)",Vivo,Y21G ,Diamond Glow,Medium
-0.9225261547686634,-0.0878075046244959,"Redmi Note 11 (Horizon Blue, 128 GB)",Redmi,Note 11 ,Horizon Blue,Medium
0.36691014916583115,-1.4269168511699535,"REDMI 9 Activ (Carbon Black, 64 GB)",Redmi,9 Activ ,Carbon Black,Medium
-1.189873267571996,0.588563806779483,"Infinix Zero 20 (Glitter Gold, 128 GB)",Infinix,Zero 20 ,Glitter Gold,High
-0.14314813796418724,-1.5396658449911882,"SAMSUNG Galaxy M32 Prime Edition (Light Blue, 64 GB)",Samsung,Galaxy M32 Prime Edition ,Light Blue,Medium
0.03543492052587196,-1.2811496213258846,"REDMI 10 Prime 2022 (Astral White, 64 GB)",Redmi,10 Prime 2022 ,Astral White,Medium
-0.3757694824114996,0.8063381030193832,"POCO M3 Pro 5G (Power Black, 128 GB)",Poco,M3 Pro 5G ,Power Black,High
-1.1327423495917737,-0.10224813362028136,"REDMI Note 11S (Polar White, 128 GB)",Redmi,Note 11S ,Polar White,High
-0.0473394687716323,-1.9416115471722277,"MOTOROLA g22 (Mint Green, 64 GB)",Motorola,g22 ,Mint Green,Medium
-1.0844286316268037,0.1298564584488798,"realme narzo 50 5G (Hyper Blue, 128 GB)",Realme,narzo 50 5G ,Hyper Blue,High
-2.414345844905177,1.4745923423755878,"OnePlus 10R 5G (Sierra Black, 128 GB)",Oneplus,10R 5G ,Sierra Black,Very high
0.1940529442452943,-0.8096594312606149,"OPPO A17 (Lake Bule, 64 GB)",Oppo,A17 ,Lake Bule,Medium
-1.397826495848253,0.10740265093302177,"REDMI Note 11S (Horizon Blue, 128 GB)",Redmi,Note 11S ,Horizon Blue,High
-0.040563414410510736,-1.1422730628509048,"SAMSUNG Galaxy M32 (Light Blue, 64 GB)",Samsung,Galaxy M32 ,Light Blue,Medium
-1.4011681969670802,0.3283040072098832,"REDMI Note 10S (Deep Sea Blue, 128 GB)",Redmi,Note 10S ,Deep Sea Blue,High
0.45315667485358896,0.45406334019613387,"POCO X4 Pro 5G (Yellow, 64 GB)",Poco,X4 Pro 5G ,Yellow,High
0.10493124445396015,-1.124456610421377,"Redmi Note 11 (Space Black, 64 GB)",Redmi,Note 11 ,Space Black,Medium
-1.0551066621879421,0.15653588749703512,"OPPO A74 5G BLACK (Fluid Black, 128 GB)",Oppo,A74 5G BLACK ,Fluid Black,High
-0.0822360945150138,0.909164515085773,"MOTOROLA G40 Fusion (Frosted Champagne, 128 GB)",Motorola,G40 Fusion ,Frosted Champagne,High
-3.0912009821017494,2.5772650244975783,"OPPO Reno7 5G (Startrails Blue, 256 GB)",Oppo,Reno7 5G ,Startrails Blue,High
-2.7094596321214706,1.8165663637447744,"MOTOROLA Edge 30 Fusion (Cosmic grey, 128 GB)",Motorola,Edge 30 Fusion ,Cosmic grey,Very high
-0.22622403368656863,-0.8407000553337409,"Redmi Note 11 (Space Black, 64 GB)",Redmi,Note 11 ,Space Black,Medium
-2.4794594459256056,1.2866086156252126,"SAMSUNG S20 FE 5G (Cloud Navy, 128 GB)",Samsung,S20 FE 5G ,Cloud Navy,Very high
-1.453711095951834,0.5004848349424739,"IQOO Z6 Pro 5G (Legion Sky, 128 GB)",Iqoo,Z6 Pro 5G ,Legion Sky,High
-1.7058376786696448,0.41104015712719927,"SAMSUNG M53 5G (Deep Ocean Blue, 128 GB)",Samsung,M53 5G ,Deep Ocean Blue,High
-2.446188200056907,0.4550297166611322,"SAMSUNG Galaxy A53 (Awesome Black, 128 GB)",Samsung,Galaxy A53 ,Awesome Black,Very high
-1.127169866737618,-0.16906903959334743,"REDMI 11 Prime 5G (Thunder Black, 128 GB)",Redmi,11 Prime 5G ,Thunder Black,High
-1.4638105026439883,0.5122159383174372,"SAMSUNG Galaxy M33 5G (Emarld Brown, 128 GB)",Samsung,Galaxy M33 5G ,Emarld Brown,High
-0.42413042762368725,-0.35992379218017423,"OPPO A15S (Fancy white, 128 GB)",Oppo,A15S ,Fancy white,Medium
0.2322882121497259,-1.073482483941546,"OPPO A15S (Rainbow Silver, 64 GB)",Oppo,A15S ,Rainbow Silver,Medium
-0.48767468803671515,-0.29725521626804813,"OPPO A15s (Dynamic Black, 128 GB)",Oppo,A15s ,Dynamic Black,Medium
3.552657795199253,1.9940414597231526,"realme C21Y (Cross Black, 64 GB)",Realme,C21Y ,Cross Black,Medium
1.487773405841972,2.0197616748564657,"realme 8 (Cyber Black, 128 GB)",Realme,8 ,Cyber Black,High
0.9119065295372034,-2.195537146049871,"REDMI A1 (Light Blue, 32 GB)",Redmi,A1 ,Light Blue,Low
0.9048531807527103,-2.188580997361342,"REDMI A1 (Black, 32 GB)",Redmi,A1 ,Black,Low
0.9146637476984147,-2.198256367809934,"REDMI A1 (Light Green, 32 GB)",Redmi,A1 ,Light Green,Low
0.04572257553561422,-1.3757292519312074,"Tecno Pova 3 (Eco Black, 64 GB)",Tecno,Pova 3 ,Eco Black,Medium
0.2925113916478508,-1.2770678236816353,"Tecno Spark 9T (Turquoise Cyan, 64 GB)",Tecno,Spark 9T ,Turquoise Cyan,Medium
2.1281868885690587,0.6587431809197585,"POCO M3 (Yellow, 64 GB)",Poco,M3 ,Yellow,Medium
0.5251972858637104,-0.9775083647448596,"Infinix Hot 11 (Emerald Green, 64 GB)",Infinix,Hot 11 ,Emerald Green,Medium
0.45315667485358896,0.45406334019613387,"POCO X4 Pro 5G (Laser Black, 64 GB)",Poco,X4 Pro 5G ,Laser Black,High
0.2920261411978392,1.188610220343091,"realme Narzo 30 (Racing Blue, 128 GB)",Realme,Narzo 30 ,Racing Blue,High
-1.6924363159791067,0.39782347461899137,"SAMSUNG M53 5G (Emerald Brown, 128 GB)",Samsung,M53 5G ,Emerald Brown,High
-1.31219834459225,-0.3313019515055198,"SAMSUNG Galaxy A13 (Peach, 128 GB)",Samsung,Galaxy A13 ,Peach,High
4.39628900930584,4.150488029373768,"SAMSUNG Galaxy F12 (Sky Blue, 128 GB)",Samsung,Galaxy F12 ,Sky Blue,Medium
-1.018966440580855,0.0497877225515735,"Tecno POVA 4 (Cryolite Blue, 128 GB)",Tecno,POVA 4 ,Cryolite Blue,Medium
-0.10833151381684925,-1.2062304979502583,"REDMI 11 Prime 5G (Thunder Black, 64 GB)",Redmi,11 Prime 5G ,Thunder Black,Medium
0.3198411489949481,0.9734987585120639,"SAMSUNG Galaxy F22 (Denim Blue, 128 GB)",Samsung,Galaxy F22 ,Denim Blue,Medium
0.37256634308059083,-1.727103427861703,"Micromax IN 2B (Green, 64 GB)",Micromax,IN 2B ,Green,Low
-1.0664298827090521,-0.22790702987206454,"Tecno Camon 19 (Memphis Green, 128 GB)",Tecno,Camon 19 ,Memphis Green,Medium
0.04568311466421462,-1.06602496143772,"Redmi Note 11 (Starburst White, 64 GB)",Redmi,Note 11 ,Starburst White,Medium
-1.6000397732622396,0.323935091732706,"vivo Y75 (Dancing waves, 128 GB)",Vivo,Y75 ,Dancing waves,High
-1.3312076887558097,0.20333983604084938,"Redmi Note 11 PRO Plus 5G (Mirage Blue, 128 GB)",Redmi,Note 11 PRO Plus 5G ,Mirage Blue,High
0.2920261411978392,1.188610220343091,"realme Narzo 30 (Racing Silver, 128 GB)",Realme,Narzo 30 ,Racing Silver,High
0.6655501399714912,-2.6828645138235716,"itel A27 (Crystal Blue, 32 GB)",Itel,A27 ,Crystal Blue,Low
4.958912356381796,1.8337045883691734,"realme C20 (Cool Blue, 32 GB)",Realme,C20 ,Cool Blue,Low
3.8925387328487413,2.3848812764846126,"REDMI 9 Power (Electric Green, 64 GB)",Redmi,9 Power ,Electric Green,Medium
2.172509359341979,-0.8396507197413579,"Infinix Smart 5A (Ocean Wave, 32 GB)",Infinix,Smart 5A ,Ocean Wave,Low
0.06477427298275781,-1.0489496193557866,"REDMI Note 11 (Space Black, 64 GB)",Redmi,Note 11 ,Space Black,Medium
-0.48439680511631195,-2.241603095011696,"Nokia C21 Plus (Dark Cyan, 64 GB)",Nokia,C21 Plus ,Dark Cyan,Medium
-0.6822227015538713,-0.4805157610026038,"REDMI 9 Activ (Metallic Purple, 128 GB)",Redmi,9 Activ ,Metallic Purple,Medium
0.4322466613619398,-2.103753937359086,"vivo Y15c (Mystic Blue, 32 GB)",Vivo,Y15c ,Mystic Blue,Medium
1.1202907342934119,2.2240288594962454,"realme 8 (Cyber Black, 128 GB)",Realme,8 ,Cyber Black,High
1.487773405841972,2.0197616748564657,"realme 8 (Cyber Silver, 128 GB)",Realme,8 ,Cyber Silver,High
0.44923004808237255,2.149260451535393,"realme 8 (Cyber Black, 128 GB)",Realme,8 ,Cyber Black,High
0.1252829041027682,-1.1121438620481086,"REDMI 11 Prime (Peppy Purple, 64 GB)",Redmi,11 Prime ,Peppy Purple,Medium
1.973888897173045,0.8956510053737105,"realme Narzo 30 (Racing Blue, 64 GB)",Realme,Narzo 30 ,Racing Blue,Medium
3.8925387328487413,2.3848812764846126,"REDMI 9 Power (Fiery Red, 64 GB)",Redmi,9 Power ,Fiery Red,Medium
-0.07320118287693982,-1.110085065737613,"SAMSUNG Galaxy M32 (Light Blue, 64 GB)",Samsung,Galaxy M32 ,Light Blue,Medium
-1.8961788753098354,0.29366101000241507,"SAMSUNG Galaxy A33 (Awesome Blue, 128 GB)",Samsung,Galaxy A33 ,Awesome Blue,High
1.179853835000043,-0.4926498743512467,"realme Narzo 50i (Mint Green, 64 GB)",Realme,Narzo 50i ,Mint Green,Medium
0.12999374173192838,-2.134328546656112,"itel Vision 3 (Jewel Blue, 64 GB)",Itel,Vision 3 ,Jewel Blue,Low
0.28770229020387794,-1.2723249950303646,"Tecno Spark 9T (Atlantic Blue, 64 GB)",Tecno,Spark 9T ,Atlantic Blue,Medium
0.3198411489949481,0.9734987585120639,"SAMSUNG Galaxy F22 (Denim Black, 128 GB)",Samsung,Galaxy F22 ,Denim Black,Medium
0.46988492975514295,-0.5250475114547701,"MOTOROLA G40 Fusion (Frosted Champagne, 64 GB)",Motorola,G40 Fusion ,Frosted Champagne,Medium
-0.9702607374138977,-0.31913899405306556,"SAMSUNG GALAXY M13 (Aqua Green, 128 GB)",Samsung,GALAXY M13 ,Aqua Green,Medium
-1.1507675624428255,-0.49328997943412584,"Tecno Pova 3 (Tech Silver, 128 GB)",Tecno,Pova 3 ,Tech Silver,Medium
0.22681895541689606,-0.8419739038046075,"OPPO A17 (Sunlight Orange, 64 GB)",Oppo,A17 ,Sunlight Orange,Medium
1.244271310345352,-1.6435663555788118,"Redmi 9A (SeaBlue, 32 GB)",Redmi,9A ,SeaBlue,Medium
-2.8891254030175695,1.5838532403419807,"ASUS ROG 5s (Black, 128 GB)",Asus,ROG 5s ,Black,Very high
-1.1060031516757485,0.5559532763908313,"vivo Y33T (Starry Gold, 128 GB)",Vivo,Y33T ,Starry Gold,High
-1.7843672568317117,0.5222522863699073,"vivo V23e 5G (Sunshine Gold, 128 GB)",Vivo,V23e 5G ,Sunshine Gold,High
1.009834333191545,-1.8649946615016093,"itel Vision1 (Gradation Blue, 32 GB)",Itel,Vision1 ,Gradation Blue,Low
0.8170214198608271,-2.142666387445451,"REDMI A1+ (Light Blue, 32 GB)",Redmi,A1+ ,Light Blue,Low
-1.3162754871496343,-0.3365835221175397,"REDMI 10 Power (Power Black, 128 GB)",Redmi,10 Power ,Power Black,Medium
0.23217246410061265,-1.1322641919852432,"POCO M5 (Yellow, 64 GB)",Poco,M5 ,Yellow,Medium
-0.9262606877067886,1.1634572918022956,"Xiaomi 11i 5G (Purple Mist, 128 GB)",Xiaomi,11i 5G ,Purple Mist,High
-1.1901925655600498,0.041939779383179,"MOTOROLA Edge 20 Fusion 5G (Electric Graphite, 128 GB)",Motorola,Edge 20 Fusion 5G ,Electric Graphite,High
-1.3888124406485702,0.5310049590699385,"Infinix Zero 5G (Horizon Blue, 128 GB)",Infinix,Zero 5G ,Horizon Blue,High
1.1257258992556909,-0.2740424513129865,"Infinix Hot 11S (Silver Wave, 64 GB)",Infinix,Hot 11S ,Silver Wave,Medium
1.144340228196631,-0.14840256066833535,"POCO M2 Reloaded (Mostly Blue, 64 GB)",Poco,M2 Reloaded ,Mostly Blue,Medium
-0.10775442164357248,-1.2067996373884105,"REDMI 11 Prime 5G (Meadow Green, 64 GB)",Redmi,11 Prime 5G ,Meadow Green,Medium
-0.6228555150489247,-0.24343398082232856,"REDMI NOTE 10 LITE (Aurora Blue, 128 GB)",Redmi,NOTE 10 LITE ,Aurora Blue,Medium
2.172509359341979,-0.8396507197413579,"Infinix Smart 5A (Midnight Black, 32 GB)",Infinix,Smart 5A ,Midnight Black,Low
-0.7569339999039914,0.32495919033492504,"Moto G71 5G (Neptune Green, 128 GB)",Moto,G71 5G ,Neptune Green,High
0.4384648888882656,0.4699335815318695,"Infinix Hot 11S (Green Wave, 128 GB)",Infinix,Hot 11S ,Green Wave,Medium
-0.2580284268648333,1.2848993664014365,"OPPO K10 5G (Ocean Blue, 128 GB)",Oppo,K10 5G ,Ocean Blue,High
0.39691893353171076,-0.7314466026036488,"OPPO A54 (Starry Blue, 64 GB)",Oppo,A54 ,Starry Blue,Medium
-0.27553578660121913,-0.5599701592732003,"REDMI Note 11T 5G (Matte black, 64 GB)",Redmi,Note 11T 5G ,Matte black,High
-1.3958925863800868,0.5168139966162297,"REDMI Note 11T 5G (Aquamarine Blue, 128 GB)",Redmi,Note 11T 5G ,Aquamarine Blue,High
-0.568880878515707,0.9297277505786391,"OnePlus Nord CE 2 Lite 5G (Black Dusk, 128 GB)",Oneplus,Nord CE 2 Lite 5G ,Black Dusk,High
-0.854485736709216,0.011175845019732913,"OPPO A54 (Starry Blue, 128 GB)",Oppo,A54 ,Starry Blue,Medium
-0.3865882270677585,0.10744924098197524,"OPPO A54 (Crystal Black, 128 GB)",Oppo,A54 ,Crystal Black,Medium
-2.0748428971263926,0.9928102077754808,"Xiaomi 11i Hypercharge 5G (Pacific Pearl, 128 GB)",Xiaomi,11i Hypercharge 5G ,Pacific Pearl,High
-2.7094596321214706,1.8165663637447744,"MOTOROLA Edge 30 Fusion (Solar Gold, 128 GB)",Motorola,Edge 30 Fusion ,Solar Gold,Very high
1.9048876113535071,-0.47387685392199475,"OPPO A12 (Deep Blue, 32 GB)",Oppo,A12 ,Deep Blue,Medium
0.6877296679495698,-1.6783643343053936,"OPPO A16E (Blue, 32 GB)",Oppo,A16E ,Blue,Medium
0.3006727832996674,-0.6365267918628807,"OPPO A54 (Moonlight Gold, 64 GB)",Oppo,A54 ,Moonlight Gold,Medium
-2.1435448147227665,0.3103655817661455,"MOTOROLA Edge 20 Pro 5G (Midnight Sky, 128 GB)",Motorola,Edge 20 Pro 5G ,Midnight Sky,High
1.9048876113535071,-0.47387685392199475,"OPPO A12 (Flowing Silver, 32 GB)",Oppo,A12 ,Flowing Silver,Medium
0.7530133256735845,-1.924607210617363,"Redmi 9A Sport (Carbon Black, 32 GB)",Redmi,9A Sport ,Carbon Black,Medium
-1.002898505880327,-0.28695099693977405,"SAMSUNG Galaxy M13 (Aqua Green, 128 GB)",Samsung,Galaxy M13 ,Aqua Green,Medium
0.6649089264456279,-2.6822321366700703,"itel A27 (Deep Gray, 32 GB)",Itel,A27 ,Deep Gray,Low
0.6226370443972781,-0.2679829869370534,"REDMI Note 10T 5G (Chromium Silver, 64 GB)",Redmi,Note 10T 5G ,Chromium Silver,Medium
2.0648096471417756,0.6276054075848703,"realme C25Y (Metal Grey, 64 GB)",Realme,C25Y ,Metal Grey,Medium
1.8455142099013944,-0.5937403929647209,"realme C21 (Cross Black, 32 GB)",Realme,C21 ,Cross Black,Medium
-1.2042850418985458,-0.43365964996741907,"SAMSUNG GALAXY M13 5G (?Stardust Brown, 128 GB)",Samsung,GALAXY M13 5G ,?Stardust Brown,Medium
0.0689381622382731,-1.3494337192500059,"SAMSUNG GALAXY M13 (Aqua Green, 64 GB)",Samsung,GALAXY M13 ,Aqua Green,Medium
-1.2181321158879435,-0.06929776724752996,"IQOO Z6 5G (Dynamo Black, 128 GB)",Iqoo,Z6 5G ,Dynamo Black,High
3.0470091745396366,3.034053942487885,"REDMI 9 Prime (Matte Black, 128 GB)",Redmi,9 Prime ,Matte Black,Medium
-1.0985034425865072,-0.19266356335250842,"SAMSUNG GALAXY M13 (Aqua Green, 128 GB)",Samsung,GALAXY M13 ,Aqua Green,High
-2.0065912465345175,0.6837092234857265,"OPPO F21s Pro 5G (Starlight Black, 128 GB)",Oppo,F21s Pro 5G ,Starlight Black,High
-0.5108209975097923,-0.7817849345232033,"REDMI Note 11S (Space Black, 64 GB)",Redmi,Note 11S ,Space Black,High
-1.0663786449407686,-0.2243456587429982,"SAMSUNG GALAXY M13 (Midnight Blue, 128 GB)",Samsung,GALAXY M13 ,Midnight Blue,Medium
0.4384648888882656,0.4699335815318695,"Infinix Hot 11S (Polar Black, 128 GB)",Infinix,Hot 11S ,Polar Black,Medium
1.1257258992556909,-0.2740424513129865,"Infinix Hot 11S (Green Wave, 64 GB)",Infinix,Hot 11S ,Green Wave,Medium
-1.7761251037674748,0.1215972380567925,"REDMI Note 11 Pro (Star Blue, 128 GB)",Redmi,Note 11 Pro ,Star Blue,High
0.074794208738397,-1.0947348842067457,"Redmi Note 11 (Space Black, 64 GB)",Redmi,Note 11 ,Space Black,Medium
-0.93490157581782,-0.07560262556189201,"Redmi Note 11 (Starburst White, 128 GB)",Redmi,Note 11 ,Starburst White,High
0.29657673908593957,-1.2825226464693955,"Tecno Spark 8P (Turquoise Cyan, 64 GB)",Tecno,Spark 8P ,Turquoise Cyan,Medium
0.05504152229566947,-1.2365604964381707,"SAMSUNG Galaxy M32 (Black, 64 GB)",Samsung,Galaxy M32 ,Black,Medium
-1.2152731267795738,-0.42539279498004423,"OPPO A55 (Starry Black, 128 GB)",Oppo,A55 ,Starry Black,High
0.33578349684646236,-1.6470310558938583,"Tecno Spark 8C (Iris Purple, 64 GB)",Tecno,Spark 8C ,Iris Purple,Medium
-0.024645807807113666,-0.9426538146972364,"OPPO A55 (Starry Black, 64 GB)",Oppo,A55 ,Starry Black,Medium
-0.9798506439808197,-0.03127298710134676,"Redmi Note 11 (Space Black, 128 GB)",Redmi,Note 11 ,Space Black,High
0.6228835483409424,-2.648797981668079,"itel vision 1 pro (AURORA BLUE, 32 GB)",Itel,vision 1 pro ,AURORA BLUE,Low
0.16921411273137835,-0.7590647527951481,"OPPO A57 (Glowing Green, 64 GB)",Oppo,A57 ,Glowing Green,Medium
-1.1977033545825528,-0.0995075527080409,"REDMI 11 Prime 5G (Meadow Green, 128 GB)",Redmi,11 Prime 5G ,Meadow Green,High
-1.6924363159791067,0.39782347461899137,"SAMSUNG M53 5G (Mystique Green, 128 GB)",Samsung,M53 5G ,Mystique Green,High
0.39723954409349305,1.4795976622639377,"realme Narzo 30 5G (Racing Silver, 128 GB)",Realme,Narzo 30 5G ,Racing Silver,High
0.41307437693863475,-2.084845860469353,"vivo Y15c (Wave Green, 32 GB)",Vivo,Y15c ,Wave Green,Medium
-0.5855332963437075,-1.7950225476591664,"SAMSUNG GALAXY M13 5G (Midnight Blue, 64 GB)",Samsung,GALAXY M13 5G ,Midnight Blue,Medium
-1.1505110770324802,-0.49354293029552704,"Tecno Pova 3 (Eco Black, 128 GB)",Tecno,Pova 3 ,Eco Black,Medium
0.16921411273137835,-0.7590647527951481,"OPPO A57 (Glowing Black, 64 GB)",Oppo,A57 ,Glowing Black,Medium
-0.9350298185229927,-0.07547615013119151,"Redmi Note 11 (Starburst White, 128 GB)",Redmi,Note 11 ,Starburst White,High
-1.6275329967454562,0.41689489118209033,"Mi 11X (Lunar White, 128 GB)",Mi,11X ,Lunar White,High
-1.410779009070686,0.12017666943377836,"REDMI Note 11S (Polar White, 128 GB)",Redmi,Note 11S ,Polar White,High
-2.3756269791455993,1.6381299788499715,"vivo V25 Pro 5G (Pure Black, 128 GB)",Vivo,V25 Pro 5G ,Pure Black,Very high
0.6877296679495698,-1.6783643343053936,"OPPO A16E (Midnight Black, 32 GB)",Oppo,A16E ,Midnight Black,Medium
0.9232254924262687,-1.5783484190257329,"Redmi 6 Pro (Gold, 32 GB)",Redmi,6 Pro ,Gold,Medium
0.29875519035364584,1.5674038575304146,"realme 8s 5G (Universe Purple, 128 GB)",Realme,8s 5G ,Universe Purple,High
-3.9900581955603185,3.439130114369455,"IQOO Neo 6 5G (Dark Nova, 256 GB)",Iqoo,Neo 6 5G ,Dark Nova,Very high
-0.39424482242103526,1.5952516928653444,"realme 8s 5G (Universe Purple, 128 GB)",Realme,8s 5G ,Universe Purple,High
-0.8036810408550823,2.147209399216444,"realme GT Master Edition (Cosmos Black, 128 GB)",Realme,GT Master Edition ,Cosmos Black,High
1.244271310345352,-1.6435663555788118,"Redmi 9A (Midnight Black, 32 GB)",Redmi,9A ,Midnight Black,Medium
-4.497867787926089,3.258461744627532,"OnePlus 10R 5G (Forest Green, 256 GB)",Oneplus,10R 5G ,Forest Green,Very high
-0.8724849266127901,-0.05244672356157227,"REDMI Note 10 Lite (Glacier White, 128 GB)",Redmi,Note 10 Lite ,Glacier White,Medium
0.11669311299969826,-0.9949761822839591,"OPPO A16 (Royal Gold, 64 GB)",Oppo,A16 ,Royal Gold,Medium
-2.5521089384058904,1.358256947117078,"SAMSUNG S20 FE 5G (Cloud Lavender, 128 GB)",Samsung,S20 FE 5G ,Cloud Lavender,Very high
-1.7761251037674748,0.1215972380567925,"REDMI Note 11 Pro (Stealth Black, 128 GB)",Redmi,Note 11 Pro ,Stealth Black,High
-0.09835551904406793,-0.8875145186312526,"OPPO A77 (Sky Blue, 64 GB)",Oppo,A77 ,Sky Blue,High
-0.5108209975097923,-0.7817849345232033,"REDMI Note 11S (Polar White, 64 GB)",Redmi,Note 11S ,Polar White,High
-0.07627083752369689,-1.2378493556253976,"REDMI 11 Prime 5G (Chrome Silver, 64 GB)",Redmi,11 Prime 5G ,Chrome Silver,Medium
0.0222606882887739,-0.5202355097049899,"Infinix Note 11s (Haze Green, 64 GB)",Infinix,Note 11s ,Haze Green,Medium
2.064065535982754,0.7219808962700374,"POCO M3 (Yellow, 64 GB)",Poco,M3 ,Yellow,Medium
-0.5532422144052611,0.01391590005056956,"vivo Y21T (Midnight Blue, 128 GB)",Vivo,Y21T ,Midnight Blue,High
-0.4092668527824201,-1.7982259938902387,"Nokia 5.4 (Dusk, 64 GB)",Nokia,5.4 ,Dusk,Medium
2.0648096471417756,0.6276054075848703,"realme C25Y (Glacier Blue, 64 GB)",Realme,C25Y ,Glacier Blue,Medium
-1.9005564580177574,0.22566300078024076,"OPPO F21SPRO (Orange, 128 GB)",Oppo,F21SPRO ,Orange,High
1.1257258992556909,-0.2740424513129865,"Infinix Hot 11S (Polar Black, 64 GB)",Infinix,Hot 11S ,Polar Black,Medium
-1.2859829220900696,0.0027601075439596823,"SAMSUNG Galaxy A23 (Peach, 128 GB)",Samsung,Galaxy A23 ,Peach,High
0.40384010533362663,-0.4690003580335547,"Infinix Note 7 (Forest Green, 64 GB)",Infinix,Note 7 ,Forest Green,Medium
0.36267678029579736,0.4400665643303716,"realme C25s (Watery Grey, 128 GB)",Realme,C25s ,Watery Grey,Medium
-2.8555299269875785,0.8734965073873009,"MOTOROLA Edge 30 Pro (Stardust White, 128 GB)",Motorola,Edge 30 Pro ,Stardust White,Very high
-0.2580284268648333,1.2848993664014365,"OPPO K10 5G (Midnight Black, 128 GB)",Oppo,K10 5G ,Midnight Black,High
-0.14019982605224263,-1.1748013534211696,"REDMI 11 Prime 5G (Thunder Black, 64 GB)",Redmi,11 Prime 5G ,Thunder Black,Medium
0.2624629208843628,0.8019766965067255,"Infinix Note 10 (Emerald Green, 128 GB)",Infinix,Note 10 ,Emerald Green,Medium
-1.125951561038478,-0.17027055618500256,"REDMI 11 Prime 5G (Thunder Black, 128 GB)",Redmi,11 Prime 5G ,Thunder Black,High
5.083550019673267,3.4065119965289115,"SAMSUNG Galaxy F12 (Sky Blue, 64 GB)",Samsung,Galaxy F12 ,Sky Blue,Medium
0.7916143799305397,-1.962676315258231,"Redmi 9A Sport (Metallic Blue, 32 GB)",Redmi,9A Sport ,Metallic Blue,Low
0.16965909382042207,-1.500881921697905,"Tecno Spark 8C (Turquoise Cyan, 64 GB)",Tecno,Spark 8C ,Turquoise Cyan,Medium
0.649341642004893,-2.3253998147424815,"LAVA Z2 Max (Stroked Blue, 32 GB)",Lava,Z2 Max ,Stroked Blue,Medium
-0.3224029956701102,-1.3463488843061586,"SAMSUNG Galaxy A13 (Black, 64 GB)",Samsung,Galaxy A13 ,Black,Medium
-1.2472894505175267,-0.02483032306637847,"REDMI Note 11 Pro (Stealth Black, 128 GB)",Redmi,Note 11 Pro ,Stealth Black,High
7.8054260201305565,4.740102286896363,"realme C11 (Rich Grey, 32 GB)",Realme,C11 ,Rich Grey,Medium
-0.7186024051693516,0.11758978733155742,"10 Prime (Phantom Black, 128 GB)",10,Prime ,Phantom Black,Medium
-1.3315282955187417,0.20365602461760077,"Redmi Note 11 PRO Plus 5G (Mirage Blue, 128 GB)",Redmi,Note 11 PRO Plus 5G ,Mirage Blue,High
0.7548728448985874,-1.926441104362521,"Redmi 9A Sport (Coral Green, 32 GB)",Redmi,9A Sport ,Coral Green,Medium
5.199085984144492,4.579264505174331,"POCO F1 (Rosso Red, 64 GB)",Poco,F1 ,Rosso Red,Medium
-0.3230439666547305,0.044780665069849054,"OPPO A54 (Moonlight Gold, 128 GB)",Oppo,A54 ,Moonlight Gold,Medium
-0.0022807113712557305,-0.9216427897028946,"REDMI NOTE 10 LITE (Champagne Gold, 64 GB)",Redmi,NOTE 10 LITE ,Champagne Gold,Medium
-1.3888124406485702,0.5310049590699385,"Infinix Zero 5G (Cosmic Black, 128 GB)",Infinix,Zero 5G ,Cosmic Black,High
-1.3888124406485702,0.5310049590699385,"Infinix Zero 5G (Skylight Orange, 128 GB)",Infinix,Zero 5G ,Skylight Orange,High
-4.520374382683882,3.2806581827154813,"OnePlus 10R 5G (Sierra Black, 256 GB)",Oneplus,10R 5G ,Sierra Black,Very high
0.13268683854055321,-2.136984530700824,"itel Vision 3 (Deep Ocean Black, 64 GB)",Itel,Vision 3 ,Deep Ocean Black,Low
0.20937817797034852,-0.4074289542539351,"Mi A2 (Gold, 64 GB)",Mi,A2 ,Gold,High
-0.8712024995610641,-0.05371147786857792,"REDMI NOTE 10 LITE (Aurora Blue, 128 GB)",Redmi,NOTE 10 LITE ,Aurora Blue,Medium
-1.1531970610668045,-0.08207530242354254,"REDMI Note 11S (Space Black, 128 GB)",Redmi,Note 11S ,Space Black,High
2.1958745091498337,-0.1569073249201926,"realme C21Y (Cross Blue, 32 GB)",Realme,C21Y ,Cross Blue,Medium
0.0222606882887739,-0.5202355097049899,"Infinix Note 11s (Mithril Grey, 64 GB)",Infinix,Note 11s ,Mithril Grey,Medium
0.23538128604471614,1.2528368826613276,"realme 8i (Space Black, 128 GB)",Realme,8i ,Space Black,High
0.0222606882887739,-0.5202355097049899,"Infinix Note 11s (Symphony Cyan, 64 GB)",Infinix,Note 11s ,Symphony Cyan,Medium
-3.230420312293876,2.3759067955281146,"REDMI K50i (Quick Silver, 256 GB)",Redmi,K50i ,Quick Silver,High
-1.4011681969670802,0.32830400720988323,"REDMI Note 10S (Frost White, 128 GB)",Redmi,Note 10S ,Frost White,High
0.8824651119963032,-2.2059923940218056,"Tecno Pop 5 LTE (Deepsea Luster, 32 GB)",Tecno,Pop 5 LTE ,Deepsea Luster,Low
-2.366894476714563,0.34372956088748335,"SAMSUNG M53 5G (Deep Ocean Blue, 128 GB)",Samsung,M53 5G ,Deep Ocean Blue,High
0.43154446392831525,-0.7655949688927991,"OPPO A54 (Starry Blue, 64 GB)",Oppo,A54 ,Starry Blue,Medium
0.5207894643091989,-2.2055495148470907,"LAVA Z2 (Flame Red, 32 GB)",Lava,Z2 ,Flame Red,Medium
4.679703028195425,5.09148999951159,"POCO F1 (Rosso Red, 64 GB)",Poco,F1 ,Rosso Red,High
-0.9320725733386448,0.08769348059357006,"OPPO A54 (Starry Blue, 128 GB)",Oppo,A54 ,Starry Blue,High
