Model,Company,Price,Rating,No_of_ratings,TotalReviwes,RamSize,RomSize,aug_model,aug_color,aug_price
"Infinix HOT 20 Play (Luna Blue, 64 GB)",Infinix,8199,4.3,505,52,4 GB,64 GB,HOT 20 Play ,Luna Blue,Medium
"MOTOROLA e40 (Carbon Gray, 64 GB)",Motorola,7999,4.1,56085,5600,4 GB,64 GB,e40 ,Carbon Gray,Medium
"MOTOROLA e40 (Pink Clay, 64 GB)",Motorola,7999,4.1,56085,5600,4 GB,64 GB,e40 ,Pink Clay,Medium
"POCO C31 (Shadow Gray, 64 GB)",Poco,7499,4.3,183688,11185,4 GB,64 GB,C31 ,Shadow Gray,Low
"MOTOROLA G32 (Mineral Gray, 64 GB)",Motorola,9999,4.2,16249,1639,4 GB,64 GB,G32 ,Mineral Gray,Medium
"REDMI 9i Sport (Carbon Black, 64 GB)",Redmi,7199,4.3,209377,12027,4 GB,64 GB,9i Sport ,Carbon Black,Low
"REDMI 9i Sport (Coral Green, 64 GB)",Redmi,7199,4.3,209377,12027,4 GB,64 GB,9i Sport ,Coral Green,Low
"POCO M4 Pro 5G (Cool Blue, 64 GB)",Poco,11999,4.3,33258,2972,4 GB,64 GB,M4 Pro 5G ,Cool Blue,Medium
"realme 9 5G (Stargaze White, 128 GB)",Realme,16499,4.4,44415,2930,6 GB,128 GB,9 5G ,Stargaze White,High
"realme 9 5G (Supersonic Blue, 64 GB)",Realme,14999,4.5,36109,2083,4 GB,64 GB,9 5G ,Supersonic Blue,Medium
"realme 9 5G (Meteor Black, 64 GB)",Realme,14999,4.5,36109,2083,4 GB,64 GB,9 5G ,Meteor Black,Medium
"MOTOROLA G62 5G (Midnight Gray, 128 GB)",Motorola,14999,4.1,8567,933,6 GB,128 GB,G62 5G ,Midnight Gray,Medium
"POCO M4 Pro 5G (Cool Blue, 128 GB)",Poco,13999,4.2,41124,3691,6 GB,128 GB,M4 Pro 5G ,Cool Blue,Medium
"MOTOROLA g52 (Metallic White, 128 GB)",Motorola,12999,4.2,20882,2628,6 GB,128 GB,g52 ,Metallic White,Medium
"realme 9 5G (Meteor Black, 128 GB)",Realme,16499,4.4,44415,2930,6 GB,128 GB,9 5G ,Meteor Black,High
"SAMSUNG Galaxy F23 5G (Aqua Blue, 128 GB)",Samsung,13999,4.2,32083,2613,4 GB,128 GB,Galaxy F23 5G ,Aqua Blue,Medium
"realme 9 5G (Supersonic Blue, 128 GB)",Realme,16499,4.4,44415,2930,6 GB,128 GB,9 5G ,Supersonic Blue,High
"realme 9 5G (Stargaze White, 64 GB)",Realme,14999,4.5,36109,2083,4 GB,64 GB,9 5G ,Stargaze White,Medium
"MOTOROLA g52 (Charcoal Grey, 128 GB)",Motorola,12999,4.2,20882,2628,6 GB,128 GB,g52 ,Charcoal Grey,Medium
"APPLE iPhone 14 (Starlight, 128 GB)",Apple,73990,4.6,981,67,128 GB,Not Known,iPhone 14 ,Starlight,Very high
"SAMSUNG Galaxy F23 5G (Forest Green, 128 GB)",Samsung,14999,4.3,137778,11213,6 GB,128 GB,Galaxy F23 5G ,Forest Green,Medium
"APPLE iPhone 14 (Midnight, 128 GB)",Apple,73990,4.6,981,67,128 GB,Not Known,iPhone 14 ,Midnight,Very high
"vivo T1 5G (Starlight Black, 128 GB)",Vivo,16990,4.4,157801,12539,6 GB,128 GB,T1 5G ,Starlight Black,High
"MOTOROLA G32 (Satin Silver, 64 GB)",Motorola,9999,4.2,16249,1639,4 GB,64 GB,G32 ,Satin Silver,Medium
"MOTOROLA G62 5G (Frosted Blue, 128 GB)",Motorola,14999,4.1,8567,933,6 GB,128 GB,G62 5G ,Frosted Blue,Medium
"MOTOROLA g42 (Atlantic Green, 64 GB)",Motorola,10999,4.1,3075,385,4 GB,64 GB,g42 ,Atlantic Green,Medium
"APPLE iPhone 14 (Blue, 128 GB)",Apple,73990,4.6,981,67,128 GB,Not Known,iPhone 14 ,Blue,Very high
"realme 9 5G (Supersonic Black, 128 GB)",Realme,16499,4.4,44415,2930,6 GB,128 GB,9 5G ,Supersonic Black,High
"APPLE iPhone 14 (Purple, 128 GB)",Apple,73990,4.6,981,67,128 GB,Not Known,iPhone 14 ,Purple,Very high
"Infinix HOT 20 Play (Racing Black, 64 GB)",Infinix,8199,4.3,505,52,4 GB,64 GB,HOT 20 Play ,Racing Black,Medium
"Infinix HOT 20 Play (Aurora Green, 64 GB)",Infinix,8199,4.3,505,52,4 GB,64 GB,HOT 20 Play ,Aurora Green,Medium
"Infinix HOT 20 Play (Fantasy Purple, 64 GB)",Infinix,8199,4.3,505,52,4 GB,64 GB,HOT 20 Play ,Fantasy Purple,Medium
"vivo T1 5G (Rainbow Fantasy, 128 GB)",Vivo,16990,4.4,157801,12539,6 GB,128 GB,T1 5G ,Rainbow Fantasy,High
"vivo T1 5G (Rainbow Fantasy, 128 GB)",Vivo,15990,4.3,59607,4787,4 GB,128 GB,T1 5G ,Rainbow Fantasy,High
"REDMI Note 11 SE (Cosmic White, 64 GB)",Redmi,16998,4.3,30409,1886,6 GB,64 GB,Note 11 SE ,Cosmic White,High
"REDMI 10 (Midnight Black, 64 GB)",Redmi,9999,4.3,165144,10864,4 GB,64 GB,10 ,Midnight Black,Medium
"REDMI 10 (Pacific Blue, 64 GB)",Redmi,9999,4.3,165144,10864,4 GB,64 GB,10 ,Pacific Blue,Medium
"POCO C31 (Royal Blue, 64 GB)",Poco,7499,4.3,183688,11185,4 GB,64 GB,C31 ,Royal Blue,Low
"POCO M4 5G (Cool Blue, 128 GB)",Poco,13999,4.2,22699,1884,6 GB,128 GB,M4 5G ,Cool Blue,Medium
"vivo T1X (Gravity Black, 64 GB)",Vivo,11999,4.5,68117,3863,4 GB,64 GB,T1X ,Gravity Black,Medium
"vivo T1X (Space Blue, 64 GB)",Vivo,11999,4.5,68117,3863,4 GB,64 GB,T1X ,Space Blue,Medium
"POCO M4 5G (Cool Blue, 64 GB)",Poco,11999,4.2,45400,3749,4 GB,64 GB,M4 5G ,Cool Blue,Medium
"POCO M4 5G (Power Black, 128 GB)",Poco,13999,4.2,22699,1884,6 GB,128 GB,M4 5G ,Power Black,Medium
"MOTOROLA g82 5G(White Lily, 128 GB)",Motorola,18999,4.2,5211,703,6 GB,128 GB,g82 5G,White Lily,High
"SAMSUNG Galaxy F23 5G (Forest Green, 128 GB)",Samsung,13999,4.2,32083,2613,4 GB,128 GB,Galaxy F23 5G ,Forest Green,Medium
"vivo T1 5G (Starlight Black, 128 GB)",Vivo,15990,4.3,59607,4787,4 GB,128 GB,T1 5G ,Starlight Black,High
"Infinix Smart 6 HD (Origin Blue, 32 GB)",Infinix,5799,4.4,15648,823,2 GB,32 GB,Smart 6 HD ,Origin Blue,Low
"MOTOROLA g22 (Iceberg Blue, 64 GB)",Motorola,9499,3.7,26741,3220,4 GB,64 GB,g22 ,Iceberg Blue,Medium
"Infinix Smart 6 HD (Aqua Sky, 32 GB)",Infinix,5799,4.4,15648,823,2 GB,32 GB,Smart 6 HD ,Aqua Sky,Low
"realme 9i (Prism Blue, 128 GB)",Realme,12599,4.5,116293,6868,4 GB,128 GB,9i ,Prism Blue,Medium
"vivo T1X (Gravity Black, 128 GB)",Vivo,12999,4.5,68117,3863,4 GB,128 GB,T1X ,Gravity Black,Medium
"vivo T1X (Space Blue, 128 GB)",Vivo,12999,4.5,68117,3863,4 GB,128 GB,T1X ,Space Blue,Medium
"Infinix Hot 12 (Exploratory Blue, 64 GB)",Infinix,8899,4.2,14750,1095,4 GB,64 GB,Hot 12 ,Exploratory Blue,Medium
"Infinix Hot 12 (7° Purple, 64 GB)",Infinix,8899,4.2,14750,1095,4 GB,64 GB,Hot 12 ,7° Purple,Medium
"Infinix Smart 6 HD (Force Black, 32 GB)",Infinix,5799,4.4,15648,823,2 GB,32 GB,Smart 6 HD ,Force Black,Low
"REDMI 10 (Caribbean Green, 64 GB)",Redmi,9999,4.3,165144,10864,4 GB,64 GB,10 ,Caribbean Green,Medium
"realme 9i (Prism Blue, 128 GB)",Realme,13599,4.5,25752,1531,6 GB,128 GB,9i ,Prism Blue,Medium
"realme 9i (Prism Black, 128 GB)",Realme,12599,4.5,116293,6868,4 GB,128 GB,9i ,Prism Black,Medium
"vivo T1 44W (Starry Sky, 128 GB)",Vivo,14499,4.5,74897,5493,4 GB,128 GB,T1 44W ,Starry Sky,Medium
"vivo T1 44W (Midnight Galaxy, 128 GB)",Vivo,14499,4.5,74897,5493,4 GB,128 GB,T1 44W ,Midnight Galaxy,Medium
Nokia 105 SS,Nokia,1299,4.2,24816,1801,32 MB,32 MB,105 SS,,Low
"MOTOROLA g42 (Metallic Rose, 64 GB)",Motorola,10999,4.1,3075,385,4 GB,64 GB,g42 ,Metallic Rose,Medium
"APPLE iPhone 13 (Pink, 128 GB)",Apple,60999,4.7,177611,9781,128 GB,Not Known,iPhone 13 ,Pink,Very high
"MOTOROLA g72 (Polar Blue, 128 GB)",Motorola,14999,4.1,4878,776,6 GB,128 GB,g72 ,Polar Blue,Medium
"POCO M4 Pro 5G (Yellow, 64 GB)",Poco,11999,4.3,33258,2972,4 GB,64 GB,M4 Pro 5G ,Yellow,Medium
"MOTOROLA g82 5G (Meterorite Grey, 128 GB)",Motorola,20499,4.1,3123,411,8 GB,128 GB,g82 5G ,Meterorite Grey,High
"vivo T1X (Space Blue, 128 GB)",Vivo,14999,4.4,3415,211,6 GB,128 GB,T1X ,Space Blue,Medium
"POCO M4 Pro (Power Black, 128 GB)",Poco,16499,4.3,130276,11960,6 GB,128 GB,M4 Pro ,Power Black,High
"Infinix Smart 6 Plus (Tranquil Sea Blue, 64 GB)",Infinix,7599,4.2,9919,738,3 GB,64 GB,Smart 6 Plus ,Tranquil Sea Blue,Medium
"vivo T1 44W (Midnight Galaxy, 128 GB)",Vivo,15999,4.4,43289,3353,6 GB,128 GB,T1 44W ,Midnight Galaxy,High
"vivo T1 44W (Starry Sky, 128 GB)",Vivo,15999,4.4,43289,3353,6 GB,128 GB,T1 44W ,Starry Sky,High
"realme 10 Pro 5G (Dark Matter, 128 GB)",Realme,18999,4.4,3410,339,6 GB,128 GB,10 Pro 5G ,Dark Matter,High
"realme 10 Pro 5G (Nebula Blue, 128 GB)",Realme,19999,4.4,1963,193,8 GB,128 GB,10 Pro 5G ,Nebula Blue,High
"Infinix Hot 12 (Polar Black, 64 GB)",Infinix,8899,4.2,14750,1095,4 GB,64 GB,Hot 12 ,Polar Black,Medium
"SAMSUNG Galaxy F13 (Nightsky Green, 128 GB)",Samsung,12999,4.4,108205,6211,4 GB,128 GB,Galaxy F13 ,Nightsky Green,Medium
"realme 9 (Sunburst Gold, 128 GB)",Realme,14599,4.4,55583,4035,6 GB,128 GB,9 ,Sunburst Gold,Medium
"realme 9 (Meteor Black, 128 GB)",Realme,14599,4.4,55583,4035,6 GB,128 GB,9 ,Meteor Black,Medium
"realme 9 (Stargaze White, 128 GB)",Realme,14599,4.4,55583,4035,6 GB,128 GB,9 ,Stargaze White,Medium
"MOTOROLA g82 5G (Meterorite Grey, 128 GB)",Motorola,18999,4.2,5211,703,6 GB,128 GB,g82 5G ,Meterorite Grey,High
"POCO M4 Pro 5G (Power Black, 128 GB)",Poco,14999,4.2,7856,692,8 GB,128 GB,M4 Pro 5G ,Power Black,Medium
"APPLE iPhone 13 (Starlight, 128 GB)",Apple,60999,4.7,177611,9781,128 GB,Not Known,iPhone 13 ,Starlight,Very high
"vivo T1 5G (Silky White, 128 GB)",Vivo,16990,4.4,157801,12539,6 GB,128 GB,T1 5G ,Silky White,High
"POCO M4 Pro 5G (Cool Blue, 128 GB)",Poco,14999,4.2,7856,692,8 GB,128 GB,M4 Pro 5G ,Cool Blue,Medium
"REDMI 9i Sport (Metallic Blue, 64 GB)",Redmi,7199,4.3,209377,12027,4 GB,64 GB,9i Sport ,Metallic Blue,Low
"SAMSUNG Galaxy F13 (Sunrise Copper, 128 GB)",Samsung,12999,4.4,108205,6211,4 GB,128 GB,Galaxy F13 ,Sunrise Copper,Medium
"MOTOROLA g82 5G (White Lily, 128 GB)",Motorola,20499,4.1,3123,411,8 GB,128 GB,g82 5G ,White Lily,High
"APPLE iPhone 12 mini (Black, 64 GB)",Apple,37999,4.5,123326,9923,64 GB,Not Known,iPhone 12 mini ,Black,Very high
"MOTOROLA g31 (Meteorite Grey, 64 GB)",Motorola,9999,4.2,31884,3711,4 GB,64 GB,g31 ,Meteorite Grey,Medium
"MOTOROLA G62 5G (Midnight Gray, 128 GB)",Motorola,16999,4.1,1949,229,8 GB,128 GB,G62 5G ,Midnight Gray,High
"realme C30 (Denim Black, 32 GB)",Realme,5999,4.3,66939,3492,2 GB,32 GB,C30 ,Denim Black,Low
"realme C30 (Lake Blue, 32 GB)",Realme,5999,4.3,66939,3492,2 GB,32 GB,C30 ,Lake Blue,Low
"SAMSUNG Galaxy F13 (Waterfall Blue, 128 GB)",Samsung,12999,4.4,108205,6211,4 GB,128 GB,Galaxy F13 ,Waterfall Blue,Medium
"APPLE iPhone 14 (Midnight, 256 GB)",Apple,83990,4.6,981,67,256 GB,Not Known,iPhone 14 ,Midnight,Very high
"POCO X4 Pro 5G (Laser Blue, 128 GB)",Poco,19999,4.2,61334,6308,6 GB,128 GB,X4 Pro 5G ,Laser Blue,High
"MOTOROLA g72 (Meteorite Grey, 128 GB)",Motorola,14999,4.1,4878,776,6 GB,128 GB,g72 ,Meteorite Grey,Medium
"MOTOROLA g31 (Baby Blue, 128 GB)",Motorola,11999,4.1,12475,1337,6 GB,128 GB,g31 ,Baby Blue,Medium
"APPLE iPhone 13 (Midnight, 128 GB)",Apple,60999,4.7,177611,9781,128 GB,Not Known,iPhone 13 ,Midnight,Very high
"SAMSUNG Galaxy S21 FE 5G (Olive, 128 GB)",Samsung,35999,4.4,29082,3001,8 GB,128 GB,Galaxy S21 FE 5G ,Olive,Very high
"POCO M3 Pro 5G (Yellow, 128 GB)",Poco,15499,4.2,52420,4434,6 GB,128 GB,M3 Pro 5G ,Yellow,High
"OPPO K10 (Black Carbon, 128 GB)",Oppo,13990,4.4,95135,7013,6 GB,128 GB,K10 ,Black Carbon,Medium
"realme 9 (Stargaze White, 128 GB)",Realme,15599,4.4,20705,1568,8 GB,128 GB,9 ,Stargaze White,High
"OPPO K10 (Blue Flame, 128 GB)",Oppo,13990,4.4,95135,7013,6 GB,128 GB,K10 ,Blue Flame,Medium
"APPLE iPhone 14 (Starlight, 256 GB)",Apple,83990,4.6,981,67,256 GB,Not Known,iPhone 14 ,Starlight,Very high
"REDMI 10 (Pacific Blue, 128 GB)",Redmi,11999,4.2,21630,1610,6 GB,128 GB,10 ,Pacific Blue,Medium
"MOTOROLA g31 (Baby Blue, 64 GB)",Motorola,9999,4.2,31884,3711,4 GB,64 GB,g31 ,Baby Blue,Medium
"Infinix Note 12 5G (Force Black, 64 GB)",Infinix,12999,4.2,10906,1285,6 GB,64 GB,Note 12 5G ,Force Black,Medium
"MOTOROLA Edge 30 (Aurora Green, 128 GB)",Motorola,24999,4.1,3589,526,8 GB,128 GB,Edge 30 ,Aurora Green,High
"Infinix Note 12 (Jewel Blue, 64 GB)",Infinix,9999,4.2,22608,2286,4 GB,64 GB,Note 12 ,Jewel Blue,Medium
"Infinix Note 12 (Force Black, 64 GB)",Infinix,9999,4.2,22608,2286,4 GB,64 GB,Note 12 ,Force Black,Medium
"APPLE iPhone 11 (White, 64 GB)",Apple,39999,4.6,176742,10518,64 GB,Not Known,iPhone 11 ,White,Very high
"realme C30 (Lake Blue, 32 GB)",Realme,6999,4.1,32757,2159,3 GB,32 GB,C30 ,Lake Blue,Low
"realme C30 (Denim Black, 32 GB)",Realme,6999,4.1,32757,2159,3 GB,32 GB,C30 ,Denim Black,Low
"realme 9 5G (Supersonic Black, 64 GB)",Realme,14999,4.5,36109,2083,4 GB,64 GB,9 5G ,Supersonic Black,Medium
"OPPO F19 Pro+ 5G (Space Silver, 128 GB)",Oppo,19990,4.3,24287,2518,8 GB,128 GB,F19 Pro+ 5G ,Space Silver,High
"POCO M4 Pro (Power Black, 64 GB)",Poco,14999,4.3,130276,11960,6 GB,64 GB,M4 Pro ,Power Black,Medium
"Micromax IN 2C (Silver, 32 GB)",Micromax,5999,4.2,2047,262,3 GB,32 GB,IN 2C ,Silver,Low
"MOTOROLA Edge 30 (Meteor Grey, 128 GB)",Motorola,24999,4.1,3589,526,8 GB,128 GB,Edge 30 ,Meteor Grey,High
"REDMI A1 (Black, 32 GB)",Redmi,6490,4.2,1893,141,2 GB,32 GB,A1 ,Black,Low
"vivo T1 44W (Midnight Galaxy, 128 GB)",Vivo,17999,4.3,5156,440,8 GB,128 GB,T1 44W ,Midnight Galaxy,High
"MOTOROLA G51 5G (Bright Silver, 64 GB)",Motorola,12999,4.1,16473,2057,4 GB,64 GB,G51 5G ,Bright Silver,Medium
SAMSUNG Guru Music 2,Samsung,2075,4.3,196562,18346,NA ROM,Not Known,Guru Music 2,,Low
"realme C31 (Dark Green, 64 GB)",Realme,8999,4.4,56801,2730,4 GB,64 GB,C31 ,Dark Green,Medium
"POCO M4 Pro (Yellow, 128 GB)",Poco,16499,4.3,130276,11960,6 GB,128 GB,M4 Pro ,Yellow,High
"APPLE iPhone 14 (Blue, 256 GB)",Apple,83990,4.6,981,67,256 GB,Not Known,iPhone 14 ,Blue,Very high
"REDMI 10 (Caribbean Green, 128 GB)",Redmi,11999,4.2,21630,1610,6 GB,128 GB,10 ,Caribbean Green,Medium
"REDMI 10A (Charcoal Black, 64 GB)",Redmi,8690,4.2,7695,484,4 GB,64 GB,10A ,Charcoal Black,Medium
"Tecno Spark 8T (Atlantic Blue, 64 GB)",Tecno,10490,4.2,348,34,4 GB,64 GB,Spark 8T ,Atlantic Blue,Medium
Micromax X412,Micromax,934,3.9,14193,1243,32 MB,32 MB,X412,,Low
"SAMSUNG Galaxy F13 (Sunrise Copper, 64 GB)",Samsung,11999,4.4,108205,6211,4 GB,64 GB,Galaxy F13 ,Sunrise Copper,Medium
"REDMI 10A (Sea Blue, 64 GB)",Redmi,8746,4.2,5010,325,4 GB,64 GB,10A ,Sea Blue,Medium
"POCO M4 Pro (Yellow, 128 GB)",Poco,17999,4.3,12383,1095,8 GB,128 GB,M4 Pro ,Yellow,High
"POCO M4 5G (Yellow, 128 GB)",Poco,13999,4.2,22699,1884,6 GB,128 GB,M4 5G ,Yellow,Medium
"REDMI 10A (Sea Blue, 32 GB)",Redmi,7890,4.1,749,53,3 GB,32 GB,10A ,Sea Blue,Medium
"REDMI 10A (Sea Blue, 64 GB)",Redmi,8649,4.2,5010,325,4 GB,64 GB,10A ,Sea Blue,Medium
"realme C31 (Dark Green, 32 GB)",Realme,8299,4.5,45218,1790,3 GB,32 GB,C31 ,Dark Green,Medium
"SAMSUNG Galaxy F23 5G (Copper Blush, 128 GB)",Samsung,14999,4.3,137778,11213,6 GB,128 GB,Galaxy F23 5G ,Copper Blush,Medium
"Infinix Note 12 5G (Snowfall, 64 GB)",Infinix,12999,4.2,10906,1285,6 GB,64 GB,Note 12 5G ,Snowfall,Medium
"SAMSUNG Galaxy F13 (Nightsky Green, 64 GB)",Samsung,11999,4.4,108205,6211,4 GB,64 GB,Galaxy F13 ,Nightsky Green,Medium
"Infinix Smart 6 (Light Sea Green, 64 GB)",Infinix,6499,4.3,27687,1913,2 GB,64 GB,Smart 6 ,Light Sea Green,Low
"SAMSUNG Galaxy M04 (Light Green, 64 GB)",Samsung,9444,4.8,14,0,4 GB,64 GB,Galaxy M04 ,Light Green,Medium
"POCO M4 Pro (Cool Blue, 128 GB)",Poco,16499,4.3,130276,11960,6 GB,128 GB,M4 Pro ,Cool Blue,High
"POCO X4 Pro 5G (Laser Black, 128 GB)",Poco,19999,4.2,61334,6308,6 GB,128 GB,X4 Pro 5G ,Laser Black,High
"Infinix Hot 12 Pro (Lightsaber Green, 64 GB)",Infinix,9999,4.2,5542,324,6 GB,64 GB,Hot 12 Pro ,Lightsaber Green,Medium
"Infinix Hot 12 Pro (Halo White, 128 GB)",Infinix,11999,4.0,3969,355,8 GB,128 GB,Hot 12 Pro ,Halo White,Medium
"POCO X4 Pro 5G (Yellow, 128 GB)",Poco,19999,4.2,61334,6308,6 GB,128 GB,X4 Pro 5G ,Yellow,High
"realme C35 (Glowing Green, 64 GB)",Realme,11999,4.4,159779,9431,4 GB,64 GB,C35 ,Glowing Green,Medium
"vivo T1 5G (Rainbow Fantasy, 128 GB)",Vivo,19990,4.3,14894,1303,8 GB,128 GB,T1 5G ,Rainbow Fantasy,High
"Infinix Smart 6 (Heart Of Ocean, 64 GB)",Infinix,6499,4.3,27687,1913,2 GB,64 GB,Smart 6 ,Heart Of Ocean,Low
"Infinix Smart 6 (Starry Purple, 64 GB)",Infinix,6499,4.3,27687,1913,2 GB,64 GB,Smart 6 ,Starry Purple,Low
"REDMI 10A (Sea Blue, 64 GB)",Redmi,9499,4.2,7695,484,4 GB,64 GB,10A ,Sea Blue,Medium
Nokia 150 TA-1235 DS,Nokia,2499,4.1,11975,878,4 MB,4 MB,150 TA-1235 DS,,Low
"realme C31 (Light Silver, 64 GB)",Realme,8999,4.4,56801,2730,4 GB,64 GB,C31 ,Light Silver,Medium
"realme C31 (Light Silver, 32 GB)",Realme,9299,4.5,45218,1790,3 GB,32 GB,C31 ,Light Silver,Medium
"POCO M4 Pro (Power Black, 128 GB)",Poco,17999,4.3,12383,1095,8 GB,128 GB,M4 Pro ,Power Black,High
LAVA A3,Lava,1212,4.2,27114,2792,4 MB,3 MB,A3,,Low
"realme 10 Pro 5G (Hyperspace, 128 GB)",Realme,19999,4.4,1963,193,8 GB,128 GB,10 Pro 5G ,Hyperspace,High
"APPLE iPhone 11 (Black, 64 GB)",Apple,39999,4.6,176742,10518,64 GB,Not Known,iPhone 11 ,Black,Very high
Motorola a10,Motorola,1399,4.2,5507,644,0 MB,Expandable Upto,a10,,Low
SAMSUNG Guru Music 2,Samsung,2099,4.3,196562,18346,NA ROM,Upto 16,Guru Music 2,,Low
SAMSUNG GURU MUSIC 2,Samsung,2075,4.1,3092,256,8 MB,0 GB,GURU MUSIC 2,,Low
"realme C35 (Glowing Black, 128 GB)",Realme,12999,4.4,159779,9431,4 GB,128 GB,C35 ,Glowing Black,Medium
"Infinix Note 12 Pro 5G (Snowfall, 128 GB)",Infinix,16999,4.1,15545,2023,8 GB,128 GB,Note 12 Pro 5G ,Snowfall,High
Nokia 150 DS 2020,Nokia,2499,4.1,20173,1585,4 MB,4 MB,150 DS 2020,,Low
"SAMSUNG Galaxy F13 (Waterfall Blue, 64 GB)",Samsung,11999,4.4,108205,6211,4 GB,64 GB,Galaxy F13 ,Waterfall Blue,Medium
"SAMSUNG Galaxy F23 5G (Copper Blush, 128 GB)",Samsung,13999,4.2,32083,2613,4 GB,128 GB,Galaxy F23 5G ,Copper Blush,Medium
"Realme C30 - Locked with Airtel Prepaid (Lake Blue, 32 GB)",Realme,5499,4.3,66939,3492,2 GB,32 GB,C30 - Locked with Airtel Prepaid ,Lake Blue,Low
Nokia 105 TA-1416 DS,Nokia,1449,4.1,4334,319,32 MB,32 MB,105 TA-1416 DS,,Low
"POCO M4 Pro 5G (Power Black, 128 GB)",Poco,13999,4.2,41124,3691,6 GB,128 GB,M4 Pro 5G ,Power Black,Medium
"Infinix Note 12 Pro 5G (Force Black, 128 GB)",Infinix,16999,4.1,15545,2023,8 GB,128 GB,Note 12 Pro 5G ,Force Black,High
"SAMSUNG GALAXY M13 5G (Aqua Green, 128 GB)",Samsung,14988,4.1,402,28,6 GB,128 GB,GALAXY M13 5G ,Aqua Green,Medium
"POCO C31 (Shadow Gray, 32 GB)",Poco,6999,4.3,123512,7402,3 GB,32 GB,C31 ,Shadow Gray,Low
"vivo T1 Pro 5G (Turbo Black, 128 GB)",Vivo,23999,4.4,7325,702,6 GB,128 GB,T1 Pro 5G ,Turbo Black,High
"REDMI 10 Prime (Bifrost Blue, 128 GB)",Redmi,12999,4.2,10213,748,6 GB,128 GB,10 Prime ,Bifrost Blue,Medium
"SAMSUNG Galaxy S21 FE 5G (Lavender, 128 GB)",Samsung,35999,4.4,29082,3001,8 GB,128 GB,Galaxy S21 FE 5G ,Lavender,Very high
"MOTOROLA G60 (Moonless, 128 GB)",Motorola,15999,4.2,131824,13360,6 GB,128 GB,G60 ,Moonless,High
"Infinix Smart 6 (Polar Black, 64 GB)",Infinix,6499,4.3,27687,1913,2 GB,64 GB,Smart 6 ,Polar Black,Low
"REDMI 10 Prime (Astral White, 128 GB)",Redmi,12999,4.2,10213,748,6 GB,128 GB,10 Prime ,Astral White,Medium
Nokia 105 PLUS,Nokia,1399,4.1,5686,404,4 MB,4 MB,105 PLUS,,Low
itel It2171,Itel,999,4.1,3569,328,32 MB,32 MB,It2171,,Low
Micromax X412,Micromax,953,3.9,14193,1243,32 MB,32 MB,X412,,Low
"MOTOROLA g52 (Charcoal Grey, 64 GB)",Motorola,11999,4.2,8442,1070,4 GB,64 GB,g52 ,Charcoal Grey,Medium
"APPLE iPhone 13 ((PRODUCT)RED, 128 GB)",Apple,60999,4.7,177611,9781,128 GB,Not Known,iPhone 13 ,,Very high
LAVA GEM,Lava,1649,4.2,29598,3174,0 MB,Expandable Upto,GEM,,Low
"realme C33 (Night Sea, 32 GB)",Realme,8999,4.4,16512,699,3 GB,32 GB,C33 ,Night Sea,Medium
"realme C11 2021 (Cool Grey, 32 GB)",Realme,7499,4.4,233435,10147,2 GB,32 GB,C11 2021 ,Cool Grey,Low
"vivo T1 44W (Starry Sky, 128 GB)",Vivo,17999,4.3,5156,440,8 GB,128 GB,T1 44W ,Starry Sky,High
"realme C33 (Aqua Blue, 32 GB)",Realme,8999,4.4,16512,699,3 GB,32 GB,C33 ,Aqua Blue,Medium
"realme C33 (Sandy Gold, 32 GB)",Realme,8999,4.4,16512,699,3 GB,32 GB,C33 ,Sandy Gold,Medium
"POCO C50 (Country Green, 32 GB)",Poco,7299,2.7,3,0,3 GB,32 GB,C50 ,Country Green,Low
"POCO M4 Pro 5G (Yellow, 128 GB)",Poco,14999,4.2,7856,692,8 GB,128 GB,M4 Pro 5G ,Yellow,Medium
"Infinix HOT 12 Play (Racing Black, 64 GB)",Infinix,8699,4.3,108143,8028,4 GB,64 GB,HOT 12 Play ,Racing Black,Medium
"Infinix HOT 12 Play (Daylight Green, 64 GB)",Infinix,8699,4.3,108143,8028,4 GB,64 GB,HOT 12 Play ,Daylight Green,Medium
"Infinix HOT 12 Play (Horizon Blue, 64 GB)",Infinix,8699,4.3,108143,8028,4 GB,64 GB,HOT 12 Play ,Horizon Blue,Medium
"Infinix HOT 12 Play (Champagne Gold, 64 GB)",Infinix,8699,4.3,108143,8028,4 GB,64 GB,HOT 12 Play ,Champagne Gold,Medium
"REDMI A1 (Light Green, 32 GB)",Redmi,6335,4.2,1893,141,2 GB,32 GB,A1 ,Light Green,Low
"realme 9i 5G (Metallica Gold, 64 GB)",Realme,14999,4.5,37211,1725,4 GB,64 GB,9i 5G ,Metallica Gold,Medium
"realme 9i 5G (Soulful Blue, 64 GB)",Realme,14999,4.5,37211,1725,4 GB,64 GB,9i 5G ,Soulful Blue,Medium
"realme 9i 5G (Rocking Black, 64 GB)",Realme,14999,4.5,37211,1725,4 GB,64 GB,9i 5G ,Rocking Black,Medium
"vivo Y16 (Drizzling Gold, 64 GB)",Vivo,10499,4.3,776,58,3 GB,64 GB,Y16 ,Drizzling Gold,Medium
"Infinix Hot 12 Pro (Electric Blue, 64 GB)",Infinix,9999,4.2,5542,324,6 GB,64 GB,Hot 12 Pro ,Electric Blue,Medium
"POCO X4 Pro 5G (Laser Black, 128 GB)",Poco,21999,4.1,14202,1467,8 GB,128 GB,X4 Pro 5G ,Laser Black,High
"REDMI 10A (Slate grey, 64 GB)",Redmi,8488,4.2,7695,484,4 GB,64 GB,10A ,Slate grey,Medium
"REDMI 10A (Charcoal Black, 32 GB)",Redmi,7990,4.1,1550,103,3 GB,32 GB,10A ,Charcoal Black,Medium
"Tecno Spark 8T (Turquoise Cyan, 64 GB)",Tecno,8985,4.2,348,34,4 GB,64 GB,Spark 8T ,Turquoise Cyan,Medium
"Infinix Note 12 TURBO (Snowfall, 128 GB)",Infinix,13999,4.2,7196,925,8 GB,128 GB,Note 12 TURBO ,Snowfall,Medium
"Infinix Note 12 (Jewel Blue, 128 GB)",Infinix,11999,4.2,11430,1103,6 GB,128 GB,Note 12 ,Jewel Blue,Medium
"Infinix Note 12 (Force Black, 128 GB)",Infinix,11999,4.2,11430,1103,6 GB,128 GB,Note 12 ,Force Black,Medium
KARBONN KX3,Karbonn,998,4.0,1915,134,31 MB,32 MB,KX3,,Low
"APPLE iPhone 14 (Purple, 256 GB)",Apple,83990,4.6,981,67,256 GB,Not Known,iPhone 14 ,Purple,Very high
LAVA Flip,Lava,1879,4.1,13313,1282,32 MB,32 MB,Flip,,Low
"MOTOROLA Edge 30 Pro (Cosmos Blue, 128 GB)",Motorola,34999,4.0,1010,179,8 GB,128 GB,Edge 30 Pro ,Cosmos Blue,Very high
"Realme C30 - Locked with Airtel Prepaid (Bamboo Green, 32 GB)",Realme,5499,4.3,66939,3492,2 GB,32 GB,C30 - Locked with Airtel Prepaid ,Bamboo Green,Low
"Realme C30 - Locked with Airtel Prepaid (Denim Black, 32 GB)",Realme,5499,4.3,66939,3492,2 GB,32 GB,C30 - Locked with Airtel Prepaid ,Denim Black,Low
Nokia 110 TA-1302 DS,Nokia,1715,4.0,24647,1954,4 MB,4 MB,110 TA-1302 DS,,Low
"REDMI Note 10T 5G (Mint Green, 128 GB)",Redmi,16999,4.2,30870,2392,6 GB,128 GB,Note 10T 5G ,Mint Green,High
"POCO X4 Pro 5G (Laser Blue, 128 GB)",Poco,21999,4.1,14202,1467,8 GB,128 GB,X4 Pro 5G ,Laser Blue,High
"realme C33 (Aqua Blue, 64 GB)",Realme,9999,4.5,52460,2270,4 GB,64 GB,C33 ,Aqua Blue,Medium
"realme C33 (Sandy Gold, 64 GB)",Realme,9999,4.5,52460,2270,4 GB,64 GB,C33 ,Sandy Gold,Medium
"realme C33 (Night Sea, 64 GB)",Realme,9999,4.5,52460,2270,4 GB,64 GB,C33 ,Night Sea,Medium
itel Ace2 Star,Itel,899,4.4,46,4,4 MB,4 MB,Ace2 Star,,Low
"MOTOROLA G60 (Frosted Champagne, 128 GB)",Motorola,15999,4.2,131824,13360,6 GB,128 GB,G60 ,Frosted Champagne,High
Micromax X415,Micromax,936,3.9,747,66,32 MB,32 MB,X415,,Low
SAMSUNG GT-E1215,Samsung,1650,4.3,53933,4504,NA ROM,Not Known,GT-E1215,,Low
"OPPO F19 (Midnight Blue, 128 GB)",Oppo,15490,4.3,22833,1669,6 GB,128 GB,F19 ,Midnight Blue,High
"REDMI Note 11 SE (Bifrost Blue, 64 GB)",Redmi,16998,4.3,30409,1886,6 GB,64 GB,Note 11 SE ,Bifrost Blue,High
"Infinix Note 11s Free Fire Edition (Haze Green, 128 GB)",Infinix,15999,4.2,7333,980,8 GB,128 GB,Note 11s Free Fire Edition ,Haze Green,High
"OPPO F19 (Prism Black, 128 GB)",Oppo,15490,4.3,22833,1669,6 GB,128 GB,F19 ,Prism Black,High
Micromax X512,Micromax,1119,4.1,258,16,30 MB,24 MB,X512,,Low
"Google Pixel 6a (Charcoal, 128 GB)",Google,29999,4.3,22516,2917,6 GB,128 GB,Pixel 6a ,Charcoal,High
"POCO F4 5G (Night Black, 128 GB)",Poco,25999,4.3,4248,586,8 GB,128 GB,F4 5G ,Night Black,High
"APPLE iPhone 11 (Red, 64 GB)",Apple,39999,4.6,176742,10518,64 GB,Not Known,iPhone 11 ,Red,Very high
"REDMI 10A SPORT (SLATE GREY, 128 GB)",Redmi,10447,4.0,548,37,6 GB,128 GB,10A SPORT ,SLATE GREY,Medium
"MOTOROLA edge 30 (Meteor Grey, 128 GB)",Motorola,22999,4.1,6637,949,6 GB,128 GB,edge 30 ,Meteor Grey,High
LAVA A1 Josh 2021,Lava,1089,4.1,7344,628,0 MB,Expandable Upto,A1 Josh 2021,,Low
"IQOO Z6 44W (Ravan Black, 128 GB)",Iqoo,16299,4.2,607,42,6 GB,128 GB,Z6 44W ,Ravan Black,High
"realme 9 Pro+ 5G (Aurora Green, 128 GB)",Realme,21499,4.4,30596,3739,6 GB,128 GB,9 Pro+ 5G ,Aurora Green,High
"realme Narzo 50i (Carbon Black, 32 GB)",Realme,6920,4.5,121209,4801,2 GB,32 GB,Narzo 50i ,Carbon Black,Low
"realme C35 (Glowing Black, 128 GB)",Realme,13999,4.2,12952,848,6 GB,128 GB,C35 ,Glowing Black,Medium
"realme C35 (Glowing Green, 128 GB)",Realme,13999,4.2,12952,848,6 GB,128 GB,C35 ,Glowing Green,Medium
"POCO M4 Pro (Cool Blue, 128 GB)",Poco,17999,4.3,12383,1095,8 GB,128 GB,M4 Pro ,Cool Blue,High
"REDMI 10A SPORT (SEA BLUE, 128 GB)",Redmi,9995,4.0,548,37,6 GB,128 GB,10A SPORT ,SEA BLUE,Medium
"REDMI Note 11 SE (Thunder Purple, 64 GB)",Redmi,11999,4.3,30409,1886,6 GB,64 GB,Note 11 SE ,Thunder Purple,Medium
SAMSUNG Guru 1200,Samsung,1655,4.1,7072,504,153 MB,153 MB,Guru 1200,,Low
"SAMSUNG GALAXY M13 (Aqua Green, 64 GB)",Samsung,11099,4.2,1860,131,4 GB,64 GB,GALAXY M13 ,Aqua Green,Medium
"Micromax IN 2C (Brown, 32 GB)",Micromax,5999,4.2,2047,262,3 GB,32 GB,IN 2C ,Brown,Low
Motorola a70,Motorola,1959,4.1,1549,157,0 MB,Expandable Upto,a70,,Low
Micromax X708,Micromax,1219,3.9,1856,138,32 MB,32 MB,X708,,Low
Micromax X708,Micromax,1318,3.9,1856,138,32 MB,32 MB,X708,,Low
"Tecno POVA 4 (Uranolith Grey, 128 GB)",Tecno,12826,4.3,4,1,8 GB,128 GB,POVA 4 ,Uranolith Grey,Medium
LAVA Hero 600i,Lava,919,4.2,37,3,4 MB,3 MB,Hero 600i,,Low
Motorola a70,Motorola,1999,4.0,842,100,4 MB,4 MB,a70,,Low
"realme Narzo 50i (Mint Green, 32 GB)",Realme,7014,4.5,121209,4801,2 GB,32 GB,Narzo 50i ,Mint Green,Low
"vivo Y16 (Steller Black, 32 GB)",Vivo,9999,4.3,776,58,3 GB,32 GB,Y16 ,Steller Black,Medium
"realme C30s (Stripe Blue, 32 GB)",Realme,7499,4.5,3975,143,2 GB,32 GB,C30s ,Stripe Blue,Low
LAVA Gem,Lava,1729,4.2,7884,705,32 MB,32 MB,Gem,,Low
LAVA A1 2021,Lava,1119,4.1,3851,343,32 MB,24 MB,A1 2021,,Low
"Tecno Pova 3 (Electric Blue, 64 GB)",Tecno,11990,4.2,253,12,4 GB,64 GB,Pova 3 ,Electric Blue,Medium
"Tecno Pova 3 (Tech Silver, 64 GB)",Tecno,10955,4.2,253,12,4 GB,64 GB,Pova 3 ,Tech Silver,Medium
"Tecno Pova 3 (Tech Silver, 128 GB)",Tecno,13958,4.1,170,12,6 GB,128 GB,Pova 3 ,Tech Silver,Medium
"Tecno Pova 3 (Eco Black, 64 GB)",Tecno,10949,4.2,253,12,4 GB,64 GB,Pova 3 ,Eco Black,Medium
Kechaoda K112,Kechaoda,1609,4.0,19126,2027,32 MB,64 MB,K112,,Low
GREENBERRI F1,Greenberri,1299,3.9,1511,116,64 MB,64 MB,F1,,Low
"POCO F4 5G (Night Black, 256 GB)",Poco,29999,4.4,2469,358,12 GB,256 GB,F4 5G ,Night Black,High
"SAMSUNG Galaxy F22 (Denim Blue, 64 GB)",Samsung,11499,4.3,101336,9764,4 GB,64 GB,Galaxy F22 ,Denim Blue,Medium
"MOTOROLA G51 5G (Indigo Blue, 64 GB)",Motorola,12999,4.1,16473,2057,4 GB,64 GB,G51 5G ,Indigo Blue,Medium
"I Kall King Talking, Contact icon and Auto Call Recording",I,744,3.6,14932,1394,32 MB,32 MB,"Kall King Talking, Contact icon and Auto Call Recording",,Low
"OPPO K10 (Black Carbon, 128 GB)",Oppo,16990,4.3,5053,432,8 GB,128 GB,K10 ,Black Carbon,High
"REDMI 10A (Charcoal Black, 64 GB)",Redmi,8579,4.2,7695,484,4 GB,64 GB,10A ,Charcoal Black,Medium
"APPLE iPhone 12 (Black, 128 GB)",Apple,57999,4.6,185701,12675,128 GB,Not Known,iPhone 12 ,Black,Very high
LAVA 34 Ultra,Lava,1649,4.1,1418,160,24 MB,32 MB,34 Ultra,,Low
"SAMSUNG Galaxy M33 5G (Deep Ocean Blue, 128 GB)",Samsung,19698,4.3,784,58,8 GB,128 GB,Galaxy M33 5G ,Deep Ocean Blue,High
Snexian GURU 310,Snexian,698,3.3,18230,1475,32 MB,32 MB,GURU 310,,Low
Nokia 105 PLUS,Nokia,1549,4.1,5686,404,4 MB,4 MB,105 PLUS,,Low
MTR Ferrari,Mtr,1300,4.1,6207,449,64 MB,64 MB,Ferrari,,Low
"SAMSUNG GALAXY M13 5G (Midnight Blue, 128 GB)",Samsung,14699,4.1,402,28,6 GB,128 GB,GALAXY M13 5G ,Midnight Blue,Medium
MU M5000,Mu,1179,3.9,2295,287,32 MB,32 MB,M5000,,Low
LAVA A1,Lava,1129,4.2,107469,11417,24 MB,24 MB,A1,,Low
"Tecno Spark 9 (Infinity Black, 64 GB)",Tecno,8479,4.1,293,23,4 GB,64 GB,Spark 9 ,Infinity Black,Medium
"Infinix HOT 20 5G (Blaster Green, 64 GB)",Infinix,11499,4.2,831,107,4 GB,64 GB,HOT 20 5G ,Blaster Green,Medium
SAMSUNG GT-E1215,Samsung,1663,4.3,53933,4504,NA ROM,Not Known,GT-E1215,,Low
"SAMSUNG Galaxy M33 5G (Deep Ocean Blue, 128 GB)",Samsung,19298,4.3,784,58,8 GB,128 GB,Galaxy M33 5G ,Deep Ocean Blue,High
DIZO Star 500,Dizo,1999,4.0,12294,1460,32 MB,32 MB,Star 500,,Low
"OPPO F19s (Glowing Gold, 128 GB)",Oppo,19990,4.5,8966,505,6 GB,128 GB,F19s ,Glowing Gold,High
LAVA A1 2021,Lava,1129,4.1,3851,343,32 MB,24 MB,A1 2021,,Low
"Infinix Zero 20 (Green Fantasy, 128 GB)",Infinix,17999,4.4,449,80,8 GB,128 GB,Zero 20 ,Green Fantasy,High
"Infinix Zero 20 (DEEP GRAY, 128 GB)",Infinix,17999,4.4,449,80,8 GB,128 GB,Zero 20 ,DEEP GRAY,High
"vivo Y01 (Elegant Black, 32 GB)",Vivo,7999,4.3,549,40,2 GB,32 GB,Y01 ,Elegant Black,Medium
"realme Narzo 50i (Carbon Black, 64 GB)",Realme,8999,4.3,61879,3488,4 GB,64 GB,Narzo 50i ,Carbon Black,Medium
Nokia 105 TA-1416 DS,Nokia,1599,4.1,4334,319,32 MB,32 MB,105 TA-1416 DS,,Low
KARBONN KX3,Karbonn,993,3.9,8355,652,32 MB,32 MB,KX3,,Low
itel Ace 2N,Itel,899,4.2,354,17,4 MB,4 MB,Ace 2N,,Low
LAVA A1 2021,Lava,1119,4.1,1913,187,0 MB,Expandable Upto,A1 2021,,Low
GFive V8,Gfive,725,3.8,767,52,32 MB,32 MB,V8,,Low
"IQOO Neo 6 5G (Dark Nova, 128 GB)",Iqoo,30199,4.3,754,91,8 GB,128 GB,Neo 6 5G ,Dark Nova,Very high
"vivo Y01A (Sapphire Blue, 32 GB)",Vivo,7999,4.2,544,32,2 GB,32 GB,Y01A ,Sapphire Blue,Medium
"realme 9 Pro+ 5G (Aurora Green, 128 GB)",Realme,23499,4.4,27012,3068,8 GB,128 GB,9 Pro+ 5G ,Aurora Green,High
"realme 9 Pro+ 5G (Midnight Black, 128 GB)",Realme,21499,4.4,30596,3739,6 GB,128 GB,9 Pro+ 5G ,Midnight Black,High
"realme 9 Pro+ 5G (Midnight Black, 128 GB)",Realme,23499,4.4,27012,3068,8 GB,128 GB,9 Pro+ 5G ,Midnight Black,High
"realme 9 Pro+ 5G (Aurora Green, 256 GB)",Realme,25499,4.4,27012,3068,8 GB,256 GB,9 Pro+ 5G ,Aurora Green,High
"realme C35 (Glowing Green, 128 GB)",Realme,12999,4.4,159779,9431,4 GB,128 GB,C35 ,Glowing Green,Medium
"APPLE iPhone 12 (Purple, 128 GB)",Apple,57999,4.6,185701,12675,128 GB,Not Known,iPhone 12 ,Purple,Very high
"REDMI Note 11S (Horizon Blue, 64 GB)",Redmi,15399,4.2,2082,170,6 GB,64 GB,Note 11S ,Horizon Blue,High
"REDMI 9 Activ (Coral Green, 128 GB)",Redmi,10499,4.2,4552,308,6 GB,128 GB,9 Activ ,Coral Green,Medium
"vivo T1 Pro 5G (Turbo Cyan, 128 GB)",Vivo,24999,4.3,14613,1579,8 GB,128 GB,T1 Pro 5G ,Turbo Cyan,High
"SAMSUNG Galaxy M33 5G (Mystique Green, 128 GB)",Samsung,18300,4.2,7179,613,6 GB,128 GB,Galaxy M33 5G ,Mystique Green,High
LAVA A3 Power,Lava,1329,4.1,1769,172,0 GB,Expandable Upto,A3 Power,,Low
"Infinix Note 12 TURBO (Jewel Blue, 128 GB)",Infinix,13999,4.2,7196,925,8 GB,128 GB,Note 12 TURBO ,Jewel Blue,Medium
"Infinix Note 12 TURBO (Force Black, 128 GB)",Infinix,13999,4.2,7196,925,8 GB,128 GB,Note 12 TURBO ,Force Black,Medium
"REDMI K50i (Quick Silver, 128 GB)",Redmi,24998,4.2,310,26,6 GB,128 GB,K50i ,Quick Silver,High
itel it2175,Itel,1095,4.0,326,34,4 MB,4 MB,it2175,,Low
"realme 10 Pro+ 5G (Nebula Blue, 128 GB)",Realme,24999,4.5,4381,565,6 GB,128 GB,10 Pro+ 5G ,Nebula Blue,High
"Infinix Note 12 Pro (Volcanic Grey, 256 GB)",Infinix,14999,4.2,2968,337,8 GB,256 GB,Note 12 Pro ,Volcanic Grey,Medium
"realme 9 5G SE (Azure Glow, 128 GB)",Realme,19999,4.4,25528,2116,6 GB,128 GB,9 5G SE ,Azure Glow,High
"realme 9 5G SE (Starry Glow, 128 GB)",Realme,19999,4.4,25528,2116,6 GB,128 GB,9 5G SE ,Starry Glow,High
"realme C30s (Stripe Black, 32 GB)",Realme,7499,4.5,3975,143,2 GB,32 GB,C30s ,Stripe Black,Low
"REDMI 9i (Sea Blue, 64 GB)",Redmi,8999,4.3,575907,33942,4 GB,64 GB,9i ,Sea Blue,Medium
LAVA A1 Super 2021,Lava,1199,4.0,2088,161,32 MB,24 MB,A1 Super 2021,,Low
Micromax X415,Micromax,925,3.9,747,66,32 MB,32 MB,X415,,Low
Micromax X415,Micromax,957,3.9,1083,77,56 MB,36 MB,X415,,Low
"realme C11 2021 (Cool Grey, 64 GB)",Realme,8999,4.3,204720,11070,4 GB,64 GB,C11 2021 ,Cool Grey,Medium
"APPLE iPhone 13 (Blue, 128 GB)",Apple,60999,4.7,177611,9781,128 GB,Not Known,iPhone 13 ,Blue,Very high
"realme C11 2021 (Cool Blue, 64 GB)",Realme,8999,4.3,204720,11070,4 GB,64 GB,C11 2021 ,Cool Blue,Medium
"Itel Magic2 4G( WiFi,Hotspot Tethering)",Itel,2450,4.0,18315,2667,64 MB,128 MB,Magic2 4G, WiFi,Low
"MOTOROLA g22 (Cosmic Black, 64 GB)",Motorola,9499,3.7,26741,3220,4 GB,64 GB,g22 ,Cosmic Black,Medium
BlackZone B-312 Gold,Blackzone,889,3.7,588,34,10 MB,10 MB,B-312 Gold,,Low
SAMSUNG GURU 1200,Samsung,1599,4.0,1087,76,NA MB,Not Known,GURU 1200,,Low
"REDMI K50i 5G (Stealth Black, 128 GB)",Redmi,24830,4.2,874,126,6 GB,128 GB,K50i 5G ,Stealth Black,High
"Infinix HOT 20 5G (Space Blue, 64 GB)",Infinix,11499,4.2,831,107,4 GB,64 GB,HOT 20 5G ,Space Blue,Medium
"APPLE iPhone 11 (White, 128 GB)",Apple,44999,4.6,176742,10518,128 GB,Not Known,iPhone 11 ,White,Very high
Nokia 125 DS 2020,Nokia,2099,3.9,5895,402,4 MB,4 MB,125 DS 2020,,Low
"REDMI Note 11T 5G (Aquamarine Blue, 128 GB)",Redmi,17990,4.2,275,19,6 GB,128 GB,Note 11T 5G ,Aquamarine Blue,High
"IQOO Neo 6 5G (Dark Nova, 128 GB)",Iqoo,30329,4.3,754,91,8 GB,128 GB,Neo 6 5G ,Dark Nova,Very high
"realme C25_Y (Glacier Blue, 64 GB)",Realme,10999,4.5,46231,2216,4 GB,64 GB,C25_Y ,Glacier Blue,Medium
"realme C25_Y (Metal Grey, 128 GB)",Realme,11999,4.5,46231,2216,4 GB,128 GB,C25_Y ,Metal Grey,Medium
MTR MT322,Mtr,749,3.7,26,3,32 MB,32 MB,MT322,,Low
Micromax X702,Micromax,1120,3.6,220,14,32 MB,32 MB,X702,,Low
"SAMSUNG GALAXY M13 5G (Aqua Green, 128 GB)",Samsung,14838,4.1,402,28,6 GB,128 GB,GALAXY M13 5G ,Aqua Green,Medium
"SAMSUNG Galaxy M33 5G (Mystique Green, 128 GB)",Samsung,19722,4.3,784,58,8 GB,128 GB,Galaxy M33 5G ,Mystique Green,High
"vivo Y33T (Mid day dream, 128 GB)",Vivo,16990,4.4,2462,175,8 GB,128 GB,Y33T ,Mid day dream,High
"POCO M5 (Power Black, 64 GB)",Poco,10999,4.3,2782,214,4 GB,64 GB,M5 ,Power Black,Medium
"APPLE iPhone 12 mini (White, 64 GB)",Apple,38999,4.5,123326,9923,64 GB,Not Known,iPhone 12 mini ,White,Very high
"itel Vision3 (Multi Green, 32 GB)",Itel,5766,4.3,43,3,2 GB,32 GB,Vision3 ,Multi Green,Low
"SAMSUNG GALAXY M13 (Aqua Green, 64 GB)",Samsung,11490,4.2,1860,131,4 GB,64 GB,GALAXY M13 ,Aqua Green,Medium
"realme 9 5G SE (Azure Glow, 128 GB)",Realme,22999,4.3,2263,210,8 GB,128 GB,9 5G SE ,Azure Glow,High
"realme 9 5G SE (Starry Glow, 128 GB)",Realme,22999,4.3,2263,210,8 GB,128 GB,9 5G SE ,Starry Glow,High
"Redmi 9A Sport (Coral Green, 32 GB)",Redmi,7499,4.2,5872,437,3 GB,32 GB,9A Sport ,Coral Green,Low
"OPPO A16 (Crystal Black, 64 GB)",Oppo,12990,4.3,3670,262,4 GB,64 GB,A16 ,Crystal Black,Medium
"REDMI Note 11S (Horizon Blue, 128 GB)",Redmi,15829,4.2,872,85,8 GB,128 GB,Note 11S ,Horizon Blue,High
"MOTOROLA Edge 30 Ultra (Interstellar Black, 256 GB)",Motorola,59999,4.2,194,54,12 GB,256 GB,Edge 30 Ultra ,Interstellar Black,Very high
itel Power 410,Itel,1499,4.1,1689,163,4 MB,4 MB,Power 410,,Low
SAMSUNG Guru Music 2 SM-B315E,Samsung,2022,4.2,9103,662,Expandable Upto,Not Known,Guru Music 2 SM-B315E,,Low
"POCO M5 (Icy Blue, 64 GB)",Poco,10999,4.3,2782,214,4 GB,64 GB,M5 ,Icy Blue,Medium
"Moto G71 5G (Arctic Blue, 128 GB)",Moto,16999,4.2,21817,2541,6 GB,128 GB,G71 5G ,Arctic Blue,High
Nokia 125 TA-1253 DS,Nokia,2099,4.0,2787,188,4 MB,4 MB,125 TA-1253 DS,,Low
"OPPO A16 (Pearl Blue, 64 GB)",Oppo,12990,4.3,3670,262,4 GB,64 GB,A16 ,Pearl Blue,Medium
"vivo T1 Pro 5G (Turbo Cyan, 128 GB)",Vivo,23999,4.4,7325,702,6 GB,128 GB,T1 Pro 5G ,Turbo Cyan,High
"realme 9i 5G (Metallica Gold, 128 GB)",Realme,16999,4.3,4970,354,6 GB,128 GB,9i 5G ,Metallica Gold,High
"vivo Y15c (Wave Green, 32 GB)",Vivo,9948,4.1,1047,75,3 GB,32 GB,Y15c ,Wave Green,Medium
Kechaoda A26,Kechaoda,1150,4.1,14177,1019,32 MB,32 MB,A26,,Low
"realme Narzo 50 (Speed Blue, 64 GB)",Realme,12999,4.5,14747,936,4 GB,64 GB,Narzo 50 ,Speed Blue,Medium
"APPLE iPhone 11 (Red, 128 GB)",Apple,44999,4.6,176742,10518,128 GB,Not Known,iPhone 11 ,Red,Very high
"realme Narzo 50 (Speed Blue, 128 GB)",Realme,15499,4.4,7120,534,6 GB,128 GB,Narzo 50 ,Speed Blue,High
Kechaoda A26,Kechaoda,1199,4.1,14177,1019,32 MB,32 MB,A26,,Low
"REDMI Note 10 Lite (Glacier White, 128 GB)",Redmi,19900,4.3,843,67,6 GB,128 GB,Note 10 Lite ,Glacier White,High
"realme 9 Pro+ 5G (Sunrise Blue, 256 GB)",Realme,25499,4.4,27012,3068,8 GB,256 GB,9 Pro+ 5G ,Sunrise Blue,High
"realme C25_Y (Metal Grey, 64 GB)",Realme,10999,4.5,46231,2216,4 GB,64 GB,C25_Y ,Metal Grey,Medium
"realme C25_Y (Glacier Blue, 128 GB)",Realme,11999,4.5,46231,2216,4 GB,128 GB,C25_Y ,Glacier Blue,Medium
"Redmi Note 11 PRO Plus 5G (Stealth Black, 128 GB)",Redmi,20295,4.2,5366,457,6 GB,128 GB,Note 11 PRO Plus 5G ,Stealth Black,High
LAVA 34 Ultra,Lava,1647,4.1,1418,160,24 MB,32 MB,34 Ultra,,Low
"REDMI 10A SPORT (SEA BLUE, 128 GB)",Redmi,10417,4.0,548,37,6 GB,128 GB,10A SPORT ,SEA BLUE,Medium
"realme 8 5G (Supersonic Black, 128 GB)",Realme,16499,4.3,75662,6017,4 GB,128 GB,8 5G ,Supersonic Black,High
"APPLE iPhone 14 Plus (Blue, 128 GB)",Apple,82999,4.6,412,48,128 GB,Not Known,iPhone 14 Plus ,Blue,Very high
itel it2175,Itel,1099,4.0,326,34,4 MB,4 MB,it2175,,Low
"REDMI 10A (Sea Blue, 64 GB)",Redmi,8998,4.2,7695,484,4 GB,64 GB,10A ,Sea Blue,Medium
"APPLE iPhone 11 (Black, 128 GB)",Apple,44999,4.6,176742,10518,128 GB,Not Known,iPhone 11 ,Black,Very high
"itel A49 (Crystal Purple, 32 GB)",Itel,5699,4.2,466,29,2 GB,32 GB,A49 ,Crystal Purple,Low
"REDMI 9 Activ (Coral Green, 64 GB)",Redmi,9999,4.2,9079,644,4 GB,64 GB,9 Activ ,Coral Green,Medium
"MOTOROLA e22s (Eco Black, 64 GB)",Motorola,9189,4.2,21,0,4 GB,64 GB,e22s ,Eco Black,Medium
"OPPO Reno8 5G (Shimmer Black, 128 GB)",Oppo,29999,4.3,32029,4184,8 GB,128 GB,Reno8 5G ,Shimmer Black,High
"OPPO Reno8 5G (Shimmer Gold, 128 GB)",Oppo,29999,4.3,32029,4184,8 GB,128 GB,Reno8 5G ,Shimmer Gold,High
"Tecno Pop 5 LTE (Ice Blue, 32 GB)",Tecno,6485,4.2,667,41,2 GB,32 GB,Pop 5 LTE ,Ice Blue,Low
itel IT5626,Itel,1749,4.0,1205,127,8 MB,8 MB,IT5626,,Low
"APPLE iPhone 11 (Green, 64 GB)",Apple,39999,4.6,176742,10518,64 GB,Not Known,iPhone 11 ,Green,Very high
"IQOO Z6 5G (Chromatic Blue, 128 GB)",Iqoo,18499,4.1,307,23,8 GB,128 GB,Z6 5G ,Chromatic Blue,High
"SAMSUNG Galaxy M33 5G (Deep Ocean Blue, 128 GB)",Samsung,17490,4.2,7179,613,6 GB,128 GB,Galaxy M33 5G ,Deep Ocean Blue,High
"REDMI Note 11 SE (Space Black, 64 GB)",Redmi,11999,4.3,30409,1886,6 GB,64 GB,Note 11 SE ,Space Black,Medium
"POCO M5 (Icy Blue, 128 GB)",Poco,12999,4.3,1359,93,6 GB,128 GB,M5 ,Icy Blue,Medium
Nokia TA-1304/105 SS,Nokia,1349,4.2,62955,4933,4 MB,4 MB,TA-1304/105 SS,,Low
"REDMI 10 Power (Sporty Orange, 128 GB)",Redmi,13949,4.1,503,32,8 GB,128 GB,10 Power ,Sporty Orange,Medium
"POCO X4 Pro 5G (Yellow, 128 GB)",Poco,21999,4.1,14202,1467,8 GB,128 GB,X4 Pro 5G ,Yellow,High
itel it2163S,Itel,989,4.0,563,53,4 MB,4 MB,it2163S,,Low
"Redmi Note 9 Pro (Interstellar Black, 128 GB)",Redmi,13999,4.3,26637,1828,4 GB,128 GB,Note 9 Pro ,Interstellar Black,Medium
"REDMI Note 10 Pro (Vintage Bronze, 128 GB)",Redmi,17999,4.3,41637,3899,6 GB,128 GB,Note 10 Pro ,Vintage Bronze,High
DIZO Star 500,Dizo,1890,4.0,12294,1460,32 MB,32 MB,Star 500,,Low
"APPLE iPhone 14 Plus (Starlight, 256 GB)",Apple,92999,4.6,412,48,256 GB,Not Known,iPhone 14 Plus ,Starlight,Very high
"realme 9 Pro 5G (Aurora Green, 128 GB)",Realme,20999,4.3,13963,1127,8 GB,128 GB,9 Pro 5G ,Aurora Green,High
"MOTOROLA e32s (Slate Gray, 64 GB)",Motorola,8849,3.8,1332,161,4 GB,64 GB,e32s ,Slate Gray,Medium
"REDMI Note 11S (Horizon Blue, 128 GB)",Redmi,16700,4.2,872,85,8 GB,128 GB,Note 11S ,Horizon Blue,High
"Redmi 9A Sport (Carbon Black, 32 GB)",Redmi,6789,4.1,24369,1859,2 GB,32 GB,9A Sport ,Carbon Black,Low
"SAMSUNG GALAXY M13 5G (Midnight Blue, 128 GB)",Samsung,14888,4.1,402,28,6 GB,128 GB,GALAXY M13 5G ,Midnight Blue,Medium
"realme 9 Pro 5G (Midnight Black, 128 GB)",Realme,20999,4.3,13963,1127,8 GB,128 GB,9 Pro 5G ,Midnight Black,High
"realme 9i 5G (Soulful Blue, 128 GB)",Realme,16999,4.3,4970,354,6 GB,128 GB,9i 5G ,Soulful Blue,High
"REDMI Note 11 Pro (Phantom White, 128 GB)",Redmi,17830,4.2,978,80,6 GB,128 GB,Note 11 Pro ,Phantom White,High
itel U20,Itel,1099,4.1,867,69,4 MB,32 MB,U20,,Low
LAVA A1 Josh,Lava,1029,4.2,32124,3152,4 MB,1 KB,A1 Josh,,Low
"Infinix HOT 20 5G (Racing Black, 64 GB)",Infinix,11499,4.2,831,107,4 GB,64 GB,HOT 20 5G ,Racing Black,Medium
Micromax X746,Micromax,1450,4.0,20881,2240,32 MB,32 MB,X746,,Low
"realme C20 (Cool Grey, 32 GB)",Realme,7499,4.4,296108,14044,2 GB,32 GB,C20 ,Cool Grey,Low
Micromax J2,Micromax,940,3.7,301,17,32 MB,32 MB,J2,,Low
"realme 8i (Space Purple, 64 GB)",Realme,13999,4.5,171965,10805,4 GB,64 GB,8i ,Space Purple,Medium
"realme 8i (Space Black, 64 GB)",Realme,13999,4.5,171965,10805,4 GB,64 GB,8i ,Space Black,Medium
SAMSUNG GURU 1200,Samsung,1690,4.1,459,28,4 MB,4 MB,GURU 1200,,Low
Kechaoda K90,Kechaoda,1599,3.5,72,8,32 MB,32 MB,K90,,Low
"APPLE iPhone 13 (Green, 128 GB)",Apple,60999,4.7,177611,9781,128 GB,Not Known,iPhone 13 ,Green,Very high
"SAMSUNG Galaxy F22 (Denim Black, 64 GB)",Samsung,11499,4.3,101336,9764,4 GB,64 GB,Galaxy F22 ,Denim Black,Medium
"SAMSUNG Galaxy A73 5G (Awesome Gray, 128 GB)",Samsung,41999,4.2,1256,165,8 GB,128 GB,Galaxy A73 5G ,Awesome Gray,Very high
"IQOO 9 5G (Alpha, 256 GB)",Iqoo,39990,4.0,34,4,12 GB,256 GB,9 5G ,Alpha,Very high
"vivo Y21G (Diamond Glow, 64 GB)",Vivo,13499,4.3,1985,159,4 GB,64 GB,Y21G ,Diamond Glow,Medium
"Redmi Note 11 (Horizon Blue, 128 GB)",Redmi,14990,4.2,9161,718,6 GB,128 GB,Note 11 ,Horizon Blue,Medium
"REDMI 9 Activ (Carbon Black, 64 GB)",Redmi,8091,4.2,9079,644,4 GB,64 GB,9 Activ ,Carbon Black,Medium
"Infinix Zero 20 (Glitter Gold, 128 GB)",Infinix,17999,4.4,449,80,8 GB,128 GB,Zero 20 ,Glitter Gold,High
"APPLE iPhone 14 Plus (Starlight, 128 GB)",Apple,82999,4.6,412,48,128 GB,Not Known,iPhone 14 Plus ,Starlight,Very high
"Google Pixel 7 (Obsidian, 128 GB)",Google,59999,4.4,1775,329,8 GB,128 GB,Pixel 7 ,Obsidian,Very high
"SAMSUNG Galaxy M32 Prime Edition (Light Blue, 64 GB)",Samsung,11570,4.1,95,7,4 GB,64 GB,Galaxy M32 Prime Edition ,Light Blue,Medium
"Google Pixel 7 (Lemongrass, 128 GB)",Google,59999,4.4,1775,329,8 GB,128 GB,Pixel 7 ,Lemongrass,Very high
"REDMI 10 Prime 2022 (Astral White, 64 GB)",Redmi,11797,4.2,3015,216,4 GB,64 GB,10 Prime 2022 ,Astral White,Medium
"POCO M3 Pro 5G (Power Black, 128 GB)",Poco,17999,4.2,52420,4434,6 GB,128 GB,M3 Pro 5G ,Power Black,High
"REDMI Note 11S (Polar White, 128 GB)",Redmi,16480,4.2,2082,170,6 GB,128 GB,Note 11S ,Polar White,High
"MOTOROLA g22 (Mint Green, 64 GB)",Motorola,9499,3.7,26741,3220,4 GB,64 GB,g22 ,Mint Green,Medium
Kechaoda K66 The Music House 4,Kechaoda,1180,3.9,15548,1207,32 MB,64 MB,K66 The Music House 4,,Low
Kechaoda K66 The Music House 4,Kechaoda,1165,3.9,15548,1207,32 MB,64 MB,K66 The Music House 4,,Low
Kechaoda K66 The Music House 4,Kechaoda,1199,3.9,15548,1207,32 MB,64 MB,K66 The Music House 4,,Low
"realme narzo 50 5G (Hyper Blue, 128 GB)",Realme,17489,4.3,4,0,6 MB,128 GB,narzo 50 5G ,Hyper Blue,High
Kechaoda K33,Kechaoda,1130,4.0,8248,552,32 MB,32 MB,K33,,Low
Kechaoda K115,Kechaoda,1138,4.1,28686,2225,32 MB,32 MB,K115,,Low
Kechaoda K115,Kechaoda,1180,4.1,28686,2225,32 MB,32 MB,K115,,Low
Kechaoda K115,Kechaoda,1140,4.1,28686,2225,32 MB,32 MB,K115,,Low
"OnePlus 10R 5G (Sierra Black, 128 GB)",Oneplus,34998,4.3,1460,128,8 GB,128 GB,10R 5G ,Sierra Black,Very high
"OPPO A17 (Lake Bule, 64 GB)",Oppo,13400,4.4,1044,45,4 GB,64 GB,A17 ,Lake Bule,Medium
"REDMI Note 11S (Horizon Blue, 128 GB)",Redmi,16698,4.2,872,85,8 GB,128 GB,Note 11S ,Horizon Blue,High
"APPLE iPhone 11 (Purple, 64 GB)",Apple,39999,4.6,176742,10518,64 GB,Not Known,iPhone 11 ,Purple,Very high
"SAMSUNG Galaxy M32 (Light Blue, 64 GB)",Samsung,13490,4.2,4237,431,4 GB,64 GB,Galaxy M32 ,Light Blue,Medium
KARBONN K9 Punch,Karbonn,1490,3.9,17,2,52 MB,32 MB,K9 Punch,,Low
"REDMI Note 10S (Deep Sea Blue, 128 GB)",Redmi,18499,4.2,7183,667,8 GB,128 GB,Note 10S ,Deep Sea Blue,High
KARBONN K9 PUNCH,Karbonn,1480,3.9,17,2,52 MB,32 MB,K9 PUNCH,,Low
Nokia TA-1010/105,Nokia,1445,4.2,21319,1704,4 MB,4 MB,TA-1010/105,,Low
"POCO X4 Pro 5G (Yellow, 64 GB)",Poco,18999,4.2,61334,6308,6 GB,64 GB,X4 Pro 5G ,Yellow,High
SAMSUNG GURU GT,Samsung,1695,4.1,3207,204,153 MB,153 MB,GURU GT,,Low
"Redmi Note 11 (Space Black, 64 GB)",Redmi,12520,4.2,9194,843,4 GB,64 GB,Note 11 ,Space Black,Medium
"OPPO A74 5G BLACK (Fluid Black, 128 GB)",Oppo,17480,4.3,1770,138,6 GB,128 GB,A74 5G BLACK ,Fluid Black,High
"MOTOROLA G40 Fusion (Frosted Champagne, 128 GB)",Motorola,16499,4.2,55864,6036,6 GB,128 GB,G40 Fusion ,Frosted Champagne,High
"OPPO Reno7 5G (Startrails Blue, 256 GB)",Oppo,28999,4.2,16442,2134,8 GB,256 GB,Reno7 5G ,Startrails Blue,High
"APPLE iPhone 12 mini (Red, 256 GB)",Apple,52999,4.5,123326,9923,256 GB,Not Known,iPhone 12 mini ,Red,Very high
"MOTOROLA Edge 30 Fusion (Cosmic grey, 128 GB)",Motorola,39999,4.3,1806,343,8 GB,128 GB,Edge 30 Fusion ,Cosmic grey,Very high
"Redmi Note 11 (Space Black, 64 GB)",Redmi,13849,4.2,9161,718,6 GB,64 GB,Note 11 ,Space Black,Medium
MU M5000,Mu,1299,3.9,2295,287,32 MB,32 MB,M5000,,Low
"SAMSUNG S20 FE 5G (Cloud Navy, 128 GB)",Samsung,34466,4.2,3658,419,8 GB,128 GB,S20 FE 5G ,Cloud Navy,Very high
"IQOO Z6 Pro 5G (Legion Sky, 128 GB)",Iqoo,23300,4.3,208,16,6 GB,128 GB,Z6 Pro 5G ,Legion Sky,High
"SAMSUNG M53 5G (Deep Ocean Blue, 128 GB)",Samsung,24999,4.2,421,42,6 GB,128 GB,M53 5G ,Deep Ocean Blue,High
"SAMSUNG Galaxy A53 (Awesome Black, 128 GB)",Samsung,31999,4.0,563,67,6 GB,128 GB,Galaxy A53 ,Awesome Black,Very high
Micromax X421,Micromax,1049,4.1,1894,150,32 MB,32 MB,X421,,Low
"REDMI 11 Prime 5G (Thunder Black, 128 GB)",Redmi,15899,4.2,174,15,6 GB,128 GB,11 Prime 5G ,Thunder Black,High
Salora Coral,Salora,899,3.8,521,49,32 MB,32 MB,Coral,,Low
"SAMSUNG Galaxy M33 5G (Emarld Brown, 128 GB)",Samsung,19974,4.3,784,58,8 GB,128 GB,Galaxy M33 5G ,Emarld Brown,High
"OPPO A15S (Fancy white, 128 GB)",Oppo,11999,4.3,5488,302,4 GB,128 GB,A15S ,Fancy white,Medium
Micromax J22,Micromax,1273,3.6,168,12,32 MB,32 MB,J22,,Low
"OPPO A15S (Rainbow Silver, 64 GB)",Oppo,11480,4.3,5488,302,4 GB,64 GB,A15S ,Rainbow Silver,Medium
"OPPO A15s (Dynamic Black, 128 GB)",Oppo,12990,4.3,5488,302,4 GB,128 GB,A15s ,Dynamic Black,Medium
"realme C21Y (Cross Black, 64 GB)",Realme,10499,4.5,253614,9536,4 GB,64 GB,C21Y ,Cross Black,Medium
"realme 8 (Cyber Black, 128 GB)",Realme,15999,4.4,121458,10620,4 GB,128 GB,8 ,Cyber Black,High
KARBONN K9 Yuva,Karbonn,1330,3.9,571,38,64 MB,32 KB,K9 Yuva,,Low
"REDMI A1 (Light Blue, 32 GB)",Redmi,6348,4.2,1893,141,2 GB,32 GB,A1 ,Light Blue,Low
"REDMI A1 (Black, 32 GB)",Redmi,6458,4.2,1893,141,2 GB,32 GB,A1 ,Black,Low
"REDMI A1 (Light Green, 32 GB)",Redmi,6305,4.2,1893,141,2 GB,32 GB,A1 ,Light Green,Low
Micromax X755,Micromax,1429,3.8,4454,403,32 MB,32 MB,X755,,Low
"Tecno Pova 3 (Eco Black, 64 GB)",Tecno,10955,4.2,253,12,4 GB,64 GB,Pova 3 ,Eco Black,Medium
LAVA Hero 600+,Lava,999,4.1,7896,720,4 MB,3 MB,Hero 600+,,Low
"Tecno Spark 9T (Turquoise Cyan, 64 GB)",Tecno,9370,4.3,48,4,4 GB,64 GB,Spark 9T ,Turquoise Cyan,Medium
KARBONN K9 max,Karbonn,1499,4.0,3494,319,64 MB,64 MB,K9 max,,Low
"APPLE iPhone 14 Plus ((PRODUCT)RED, 256 GB)",Apple,92999,4.6,412,48,256 GB,Not Known,iPhone 14 Plus ,,Very high
Nokia 110 TA-1302 DS,Nokia,1714,4.0,24647,1954,4 MB,4 MB,110 TA-1302 DS,,Low
"POCO M3 (Yellow, 64 GB)",Poco,10999,4.3,124433,8927,4 GB,64 GB,M3 ,Yellow,Medium
Kechaoda K10,Kechaoda,1095,3.9,13841,908,32 MB,32 MB,K10,,Low
"Infinix Hot 11 (Emerald Green, 64 GB)",Infinix,9999,4.3,16022,1375,4 GB,64 GB,Hot 11 ,Emerald Green,Medium
Kechaoda K28,Kechaoda,1480,4.1,2691,241,32 MB,64 MB,K28,,Low
itel Magic3 Smart Touch Keypad,Itel,1499,4.1,786,72,8 MB,8 MB,Magic3 Smart Touch Keypad,,Low
"POCO X4 Pro 5G (Laser Black, 64 GB)",Poco,18999,4.2,61334,6308,6 GB,64 GB,X4 Pro 5G ,Laser Black,High
Micromax J2,Micromax,917,3.7,301,17,32 MB,32 MB,J2,,Low
"realme Narzo 30 (Racing Blue, 128 GB)",Realme,15499,4.3,76114,6042,6 GB,128 GB,Narzo 30 ,Racing Blue,High
Kechaoda K33,Kechaoda,1119,4.0,8248,552,32 MB,32 MB,K33,,Low
"SAMSUNG M53 5G (Emerald Brown, 128 GB)",Samsung,24790,4.2,421,42,6 GB,128 GB,M53 5G ,Emerald Brown,High
LAVA A1 2021,Lava,1279,4.1,3851,343,32 MB,24 MB,A1 2021,,Low
"SAMSUNG Galaxy A13 (Peach, 128 GB)",Samsung,16499,4.1,257,19,6 GB,128 GB,Galaxy A13 ,Peach,High
"SAMSUNG Galaxy F12 (Sky Blue, 128 GB)",Samsung,11499,4.3,297273,23471,4 GB,128 GB,Galaxy F12 ,Sky Blue,Medium
Nokia 105 SS 2021,Nokia,1382,4.2,82937,6238,4 MB,4 MB,105 SS 2021,,Low
"Tecno POVA 4 (Cryolite Blue, 128 GB)",Tecno,12845,4.3,4,1,8 GB,128 GB,POVA 4 ,Cryolite Blue,Medium
"REDMI 11 Prime 5G (Thunder Black, 64 GB)",Redmi,13499,4.2,791,57,4 GB,64 GB,11 Prime 5G ,Thunder Black,Medium
"SAMSUNG Galaxy F22 (Denim Blue, 128 GB)",Samsung,13499,4.3,64571,5965,6 GB,128 GB,Galaxy F22 ,Denim Blue,Medium
Kechaoda A26,Kechaoda,1189,4.1,14177,1019,32 MB,32 MB,A26,,Low
"Micromax IN 2B (Green, 64 GB)",Micromax,6999,3.9,21229,3299,4 GB,64 GB,IN 2B ,Green,Low
"Tecno Camon 19 (Memphis Green, 128 GB)",Tecno,14960,4.2,174,20,6 GB,128 GB,Camon 19 ,Memphis Green,Medium
"Redmi Note 11 (Starburst White, 64 GB)",Redmi,13444,4.2,9194,843,4 GB,64 GB,Note 11 ,Starburst White,Medium
"vivo Y75 (Dancing waves, 128 GB)",Vivo,19990,4.2,1465,124,8 GB,128 GB,Y75 ,Dancing waves,High
"Redmi Note 11 PRO Plus 5G (Mirage Blue, 128 GB)",Redmi,20459,4.2,5366,457,6 GB,128 GB,Note 11 PRO Plus 5G ,Mirage Blue,High
"realme Narzo 30 (Racing Silver, 128 GB)",Realme,15499,4.3,76114,6042,6 GB,128 GB,Narzo 30 ,Racing Silver,High
"itel A27 (Crystal Blue, 32 GB)",Itel,5289,4.0,726,50,2 GB,32 GB,A27 ,Crystal Blue,Low
"realme C20 (Cool Blue, 32 GB)",Realme,7499,4.4,296108,14044,2 GB,32 GB,C20 ,Cool Blue,Low
"REDMI 9 Power (Electric Green, 64 GB)",Redmi,11499,4.3,241660,17034,4 GB,64 GB,9 Power ,Electric Green,Medium
"Infinix Smart 5A (Ocean Wave, 32 GB)",Infinix,7199,4.3,78425,5384,2 GB,32 GB,Smart 5A ,Ocean Wave,Low
"REDMI Note 11 (Space Black, 64 GB)",Redmi,12950,4.3,156,13,4 GB,64 GB,Note 11 ,Space Black,Medium
"Nokia C21 Plus (Dark Cyan, 64 GB)",Nokia,9999,3.8,94,16,4 GB,64 GB,C21 Plus ,Dark Cyan,Medium
"REDMI 9 Activ (Metallic Purple, 128 GB)",Redmi,9990,4.2,4552,308,6 GB,128 GB,9 Activ ,Metallic Purple,Medium
Kechaoda K9,Kechaoda,1350,4.1,2590,242,32 MB,64 MB,K9,,Low
"APPLE iPhone 14 Pro Max (Deep Purple, 128 GB)",Apple,139900,4.7,418,44,128 GB,Not Known,iPhone 14 Pro Max ,Deep Purple,Very high
"vivo Y15c (Mystic Blue, 32 GB)",Vivo,9499,4.1,1047,75,3 GB,32 GB,Y15c ,Mystic Blue,Medium
"realme 8 (Cyber Black, 128 GB)",Realme,16999,4.4,121376,9957,6 GB,128 GB,8 ,Cyber Black,High
"realme 8 (Cyber Silver, 128 GB)",Realme,15999,4.4,121458,10620,4 GB,128 GB,8 ,Cyber Silver,High
"realme 8 (Cyber Black, 128 GB)",Realme,17999,4.4,95489,8376,8 GB,128 GB,8 ,Cyber Black,High
"REDMI 11 Prime (Peppy Purple, 64 GB)",Redmi,11978,4.3,48,4,4 GB,64 GB,11 Prime ,Peppy Purple,Medium
"realme Narzo 30 (Racing Blue, 64 GB)",Realme,13499,4.4,105997,8981,4 GB,64 GB,Narzo 30 ,Racing Blue,Medium
Snexian GURU 2163,Snexian,699,3.6,127,10,32 MB,32 MB,GURU 2163,,Low
Nokia 105 SS 2021,Nokia,1448,4.2,82937,6238,4 MB,4 MB,105 SS 2021,,Low
Kechaoda K200,Kechaoda,1279,4.0,112,5,32 MB,32 MB,K200,,Low
"REDMI 9 Power (Fiery Red, 64 GB)",Redmi,11499,4.3,241660,17034,4 GB,64 GB,9 Power ,Fiery Red,Medium
"SAMSUNG Galaxy M32 (Light Blue, 64 GB)",Samsung,13999,4.2,4237,431,4 GB,64 GB,Galaxy M32 ,Light Blue,Medium
Snexian Rock,Snexian,1399,4.0,11586,739,32 MB,32 MB,Rock,,Low
Kechaoda K115,Kechaoda,1200,4.1,28686,2225,32 MB,32 MB,K115,,Low
"SAMSUNG Galaxy A33 (Awesome Blue, 128 GB)",Samsung,25999,4.1,1523,161,6 GB,128 GB,Galaxy A33 ,Awesome Blue,High
"realme Narzo 50i (Mint Green, 64 GB)",Realme,8999,4.3,61879,3488,4 GB,64 GB,Narzo 50i ,Mint Green,Medium
Kechaoda K115,Kechaoda,1139,4.1,28686,2225,32 MB,32 MB,K115,,Low
Kechaoda K115,Kechaoda,1170,4.1,28686,2225,32 MB,32 MB,K115,,Low
"itel Vision 3 (Jewel Blue, 64 GB)",Itel,6929,4.0,412,49,3 GB,64 GB,Vision 3 ,Jewel Blue,Low
"Tecno Spark 9T (Atlantic Blue, 64 GB)",Tecno,9445,4.3,48,4,4 GB,64 GB,Spark 9T ,Atlantic Blue,Medium
itel Muzik 110,Itel,1253,4.1,331,36,4 MB,4 MB,Muzik 110,,Low
"SAMSUNG Galaxy F22 (Denim Black, 128 GB)",Samsung,13499,4.3,64571,5965,6 GB,128 GB,Galaxy F22 ,Denim Black,Medium
"MOTOROLA G40 Fusion (Frosted Champagne, 64 GB)",Motorola,14499,4.2,32851,3699,4 GB,64 GB,G40 Fusion ,Frosted Champagne,Medium
"SAMSUNG GALAXY M13 (Aqua Green, 128 GB)",Samsung,13490,4.2,360,24,6 GB,128 GB,GALAXY M13 ,Aqua Green,Medium
"Tecno Pova 3 (Tech Silver, 128 GB)",Tecno,13959,4.1,170,12,6 GB,128 GB,Pova 3 ,Tech Silver,Medium
"OPPO A17 (Sunlight Orange, 64 GB)",Oppo,12889,4.4,1044,45,4 GB,64 GB,A17 ,Sunlight Orange,Medium
"Redmi 9A (SeaBlue, 32 GB)",Redmi,7789,4.3,21404,1284,2 GB,32 GB,9A ,SeaBlue,Medium
GREENBERRI F1,Greenberri,1399,3.9,1511,116,64 MB,64 MB,F1,,Low
"ASUS ROG 5s (Black, 128 GB)",Asus,39999,4.2,797,117,8 GB,128 GB,ROG 5s ,Black,Very high
"vivo Y33T (Starry Gold, 128 GB)",Vivo,17099,4.4,2462,175,8 GB,128 GB,Y33T ,Starry Gold,High
"vivo V23e 5G (Sunshine Gold, 128 GB)",Vivo,22997,4.2,1890,172,8 GB,128 GB,V23e 5G ,Sunshine Gold,High
"itel Vision1 (Gradation Blue, 32 GB)",Itel,6999,4.1,25627,2158,3 GB,32 GB,Vision1 ,Gradation Blue,Low
"Google Pixel 7 (Snow, 128 GB)",Google,59999,4.4,1775,329,8 GB,128 GB,Pixel 7 ,Snow,Very high
"REDMI A1+ (Light Blue, 32 GB)",Redmi,7499,4.2,542,44,2 GB,32 GB,A1+ ,Light Blue,Low
"REDMI 10 Power (Power Black, 128 GB)",Redmi,12990,4.1,503,32,8 GB,128 GB,10 Power ,Power Black,Medium
Micromax X778,Micromax,1474,3.9,2418,244,32 MB,32 MB,X778,,Low
Kechaoda A27,Kechaoda,1150,4.0,6495,511,32 MB,32 MB,A27,,Low
"APPLE iPhone 12 mini (Black, 256 GB)",Apple,52999,4.5,123326,9923,256 GB,Not Known,iPhone 12 mini ,Black,Very high
SAMSUNG Guru GT,Samsung,1659,4.1,3207,204,153 MB,153 MB,Guru GT,,Low
"POCO M5 (Yellow, 64 GB)",Poco,10999,4.3,2782,214,4 GB,64 GB,M5 ,Yellow,Medium
"APPLE iPhone 14 Plus (Midnight, 128 GB)",Apple,82999,4.6,412,48,128 GB,Not Known,iPhone 14 Plus ,Midnight,Very high
"Xiaomi 11i 5G (Purple Mist, 128 GB)",Xiaomi,24999,4.2,37330,4613,6 GB,128 GB,11i 5G ,Purple Mist,High
"MOTOROLA Edge 20 Fusion 5G (Electric Graphite, 128 GB)",Motorola,18999,4.0,19499,2624,6 GB,128 GB,Edge 20 Fusion 5G ,Electric Graphite,High
"APPLE iPhone 14 Plus (Purple, 128 GB)",Apple,82999,4.6,412,48,128 GB,Not Known,iPhone 14 Plus ,Purple,Very high
"Infinix Zero 5G (Horizon Blue, 128 GB)",Infinix,19999,4.2,9794,1494,8 GB,128 GB,Zero 5G ,Horizon Blue,High
"Infinix Hot 11S (Silver Wave, 64 GB)",Infinix,10999,4.3,48526,5194,4 GB,64 GB,Hot 11S ,Silver Wave,Medium
"POCO M2 Reloaded (Mostly Blue, 64 GB)",Poco,11999,4.3,66728,4602,4 GB,64 GB,M2 Reloaded ,Mostly Blue,Medium
Micromax J2,Micromax,935,3.7,301,17,32 MB,32 MB,J2,,Low
KARBONN K9,Karbonn,1340,4.1,7654,646,6.1 cm,QVGA Display,K9,,Low
"REDMI 11 Prime 5G (Meadow Green, 64 GB)",Redmi,13490,4.2,791,57,4 GB,64 GB,11 Prime 5G ,Meadow Green,Medium
"REDMI NOTE 10 LITE (Aurora Blue, 128 GB)",Redmi,14449,4.3,2097,165,4 GB,128 GB,NOTE 10 LITE ,Aurora Blue,Medium
"Infinix Smart 5A (Midnight Black, 32 GB)",Infinix,7199,4.3,78425,5384,2 GB,32 GB,Smart 5A ,Midnight Black,Low
Micromax X416,Micromax,1051,4.0,497,50,32 MB,32 MB,X416,,Low
"Moto G71 5G (Neptune Green, 128 GB)",Moto,16999,4.2,21817,2541,6 GB,128 GB,G71 5G ,Neptune Green,High
Micromax X416,Micromax,1050,4.0,497,50,32 MB,32 MB,X416,,Low
SAMSUNG Metro 313,Samsung,2840,4.2,1451,142,512 MB,2.27 MB,Metro 313,,Low
"Infinix Hot 11S (Green Wave, 128 GB)",Infinix,11999,4.3,48526,5194,4 GB,128 GB,Hot 11S ,Green Wave,Medium
itel power 100,Itel,1330,4.1,519,37,4 MB,4 MB,power 100,,Low
"APPLE iPhone 14 Plus (Midnight, 256 GB)",Apple,92999,4.6,412,48,256 GB,Not Known,iPhone 14 Plus ,Midnight,Very high
"OPPO K10 5G (Ocean Blue, 128 GB)",Oppo,16499,4.4,52584,4032,8 GB,128 GB,K10 5G ,Ocean Blue,High
itel Muzik 110,Itel,1249,4.1,331,36,4 MB,4 MB,Muzik 110,,Low
KARBONN K310i,Karbonn,920,3.7,326,24,10 MB,10 MB,K310i,,Low
"OPPO A54 (Starry Blue, 64 GB)",Oppo,12489,4.4,10827,670,4 GB,64 GB,A54 ,Starry Blue,Medium
"REDMI Note 11T 5G (Matte black, 64 GB)",Redmi,15995,4.3,5436,439,6 GB,64 GB,Note 11T 5G ,Matte black,High
"REDMI Note 11T 5G (Aquamarine Blue, 128 GB)",Redmi,19490,4.3,2852,250,8 GB,128 GB,Note 11T 5G ,Aquamarine Blue,High
Snexian BOLD 1K,Snexian,999,3.6,34,2,32 MB,32 MB,BOLD 1K,,Low
KARBONN K9,Karbonn,1345,4.1,7654,646,6.6 cm,QVGA Display,K9,,Low
"OnePlus Nord CE 2 Lite 5G (Black Dusk, 128 GB)",Oneplus,19989,4.3,40620,3313,6 GB,128 GB,Nord CE 2 Lite 5G ,Black Dusk,High
"OPPO A54 (Starry Blue, 128 GB)",Oppo,14780,4.3,4016,228,6 GB,128 GB,A54 ,Starry Blue,Medium
"OPPO A54 (Crystal Black, 128 GB)",Oppo,14990,4.4,10827,670,4 GB,128 GB,A54 ,Crystal Black,Medium
Kechaoda K33 Rock,Kechaoda,1199,4.4,25,0,32 MB,32 MB,K33 Rock,,Low
"Xiaomi 11i Hypercharge 5G (Pacific Pearl, 128 GB)",Xiaomi,28999,4.2,6430,720,8 GB,128 GB,11i Hypercharge 5G ,Pacific Pearl,High
"MOTOROLA Edge 30 Fusion (Solar Gold, 128 GB)",Motorola,39999,4.3,1806,343,8 GB,128 GB,Edge 30 Fusion ,Solar Gold,Very high
"APPLE iPhone 14 Plus (Purple, 256 GB)",Apple,92999,4.6,412,48,256 GB,Not Known,iPhone 14 Plus ,Purple,Very high
Nokia 110 TA-1302 DS,Nokia,1699,4.0,24647,1954,4 MB,4 MB,110 TA-1302 DS,,Low
"OPPO A12 (Deep Blue, 32 GB)",Oppo,9990,4.4,74992,4510,3 GB,32 GB,A12 ,Deep Blue,Medium
"OPPO A16E (Blue, 32 GB)",Oppo,9990,4.3,656,26,3 GB,32 GB,A16E ,Blue,Medium
"OPPO A54 (Moonlight Gold, 64 GB)",Oppo,13990,4.4,10827,670,4 GB,64 GB,A54 ,Moonlight Gold,Medium
"MOTOROLA Edge 20 Pro 5G (Midnight Sky, 128 GB)",Motorola,24999,4.0,3591,652,8 GB,128 GB,Edge 20 Pro 5G ,Midnight Sky,High
"OPPO A12 (Flowing Silver, 32 GB)",Oppo,9990,4.4,74992,4510,3 GB,32 GB,A12 ,Flowing Silver,Medium
"Redmi 9A Sport (Carbon Black, 32 GB)",Redmi,7999,4.2,5872,437,3 GB,32 GB,9A Sport ,Carbon Black,Medium
"SAMSUNG Galaxy M13 (Aqua Green, 128 GB)",Samsung,13999,4.2,360,24,6 GB,128 GB,Galaxy M13 ,Aqua Green,Medium
"itel A27 (Deep Gray, 32 GB)",Itel,5299,4.0,726,50,2 GB,32 GB,A27 ,Deep Gray,Low
"REDMI Note 10T 5G (Chromium Silver, 64 GB)",Redmi,14999,4.3,44119,3200,4 GB,64 GB,Note 10T 5G ,Chromium Silver,Medium
"realme C25Y (Metal Grey, 64 GB)",Realme,10999,4.4,137899,5921,4 GB,64 GB,C25Y ,Metal Grey,Medium
"realme C21 (Cross Black, 32 GB)",Realme,9499,4.4,71609,3908,3 GB,32 GB,C21 ,Cross Black,Medium
"APPLE iPhone 12 mini (Black, 128 GB)",Apple,43999,4.5,123326,9923,128 GB,Not Known,iPhone 12 mini ,Black,Very high
KARBONN K9 Yuva,Karbonn,1299,3.9,571,38,64 MB,32 KB,K9 Yuva,,Low
KARBONN K9 Yuva,Karbonn,1350,3.9,571,38,64 MB,32 KB,K9 Yuva,,Low
"SAMSUNG GALAXY M13 5G (?Stardust Brown, 128 GB)",Samsung,14849,4.1,402,28,6 GB,128 GB,GALAXY M13 5G ,?Stardust Brown,Medium
"SAMSUNG GALAXY M13 (Aqua Green, 64 GB)",Samsung,10990,4.2,1860,131,4 GB,64 GB,GALAXY M13 ,Aqua Green,Medium
"IQOO Z6 5G (Dynamo Black, 128 GB)",Iqoo,17399,4.2,522,38,6 GB,128 GB,Z6 5G ,Dynamo Black,High
"REDMI 9 Prime (Matte Black, 128 GB)",Redmi,12490,4.4,226830,15261,4 GB,128 GB,9 Prime ,Matte Black,Medium
itel it5026,Itel,1305,4.0,1057,99,4 MB,4 MB,it5026,,Low
BlackZone B310,Blackzone,839,3.8,3419,277,10 MB,10 MB,B310,,Low
"SAMSUNG GALAXY M13 (Aqua Green, 128 GB)",Samsung,15490,4.2,360,24,6 GB,128 GB,GALAXY M13 ,Aqua Green,High
"OPPO F21s Pro 5G (Starlight Black, 128 GB)",Oppo,25999,4.2,226,17,8 GB,128 GB,F21s Pro 5G ,Starlight Black,High
"REDMI Note 11S (Space Black, 64 GB)",Redmi,16499,4.2,2082,170,6 GB,64 GB,Note 11S ,Space Black,High
Kechaoda K28,Kechaoda,1340,4.1,2691,241,32 MB,64 MB,K28,,Low
MarQ by Flipkart M70 Shakti,Marq,1599,4.0,3269,412,32 MB,32 MB,by Flipkart M70 Shakti,,Low
"SAMSUNG GALAXY M13 (Midnight Blue, 128 GB)",Samsung,14989,4.2,360,24,6 GB,128 GB,GALAXY M13 ,Midnight Blue,Medium
Kechaoda K115,Kechaoda,1125,4.1,28686,2225,32 MB,32 MB,K115,,Low
"APPLE iPhone 12 mini (White, 128 GB)",Apple,43999,4.5,123326,9923,128 GB,Not Known,iPhone 12 mini ,White,Very high
"Infinix Hot 11S (Polar Black, 128 GB)",Infinix,11999,4.3,48526,5194,4 GB,128 GB,Hot 11S ,Polar Black,Medium
LAVA A1500,Lava,1399,4.1,2129,217,24 MB,32 MB,A1500,,Low
"Infinix Hot 11S (Green Wave, 64 GB)",Infinix,10999,4.3,48526,5194,4 GB,64 GB,Hot 11S ,Green Wave,Medium
Kechaoda K28,Kechaoda,1399,4.1,2691,241,32 MB,64 MB,K28,,Low
"REDMI Note 11 Pro (Star Blue, 128 GB)",Redmi,20199,4.1,631,45,8 GB,128 GB,Note 11 Pro ,Star Blue,High
"APPLE iPhone 13 (Starlight, 256 GB)",Apple,70999,4.7,177611,9781,256 GB,Not Known,iPhone 13 ,Starlight,Very high
"Redmi Note 11 (Space Black, 64 GB)",Redmi,12990,4.2,9194,843,4 GB,64 GB,Note 11 ,Space Black,Medium
"Redmi Note 11 (Starburst White, 128 GB)",Redmi,15183,4.2,9161,718,6 GB,128 GB,Note 11 ,Starburst White,High
KARBONN K140 Pop,Karbonn,1080,3.9,5272,458,32 MB,32 MB,K140 Pop,,Low
"Tecno Spark 8P (Turquoise Cyan, 64 GB)",Tecno,9295,4.3,8,0,4 GB,64 GB,Spark 8P ,Turquoise Cyan,Medium
"SAMSUNG Galaxy M32 (Black, 64 GB)",Samsung,11999,4.2,4237,431,4 GB,64 GB,Galaxy M32 ,Black,Medium
"APPLE iPhone 14 Pro Max (Space Black, 256 GB)",Apple,149900,4.7,418,44,256 GB,Not Known,iPhone 14 Pro Max ,Space Black,Very high
"OPPO A55 (Starry Black, 128 GB)",Oppo,15000,4.1,358,19,6 GB,128 GB,A55 ,Starry Black,High
"Tecno Spark 8C (Iris Purple, 64 GB)",Tecno,8299,4.2,431,32,3 GB,64 GB,Spark 8C ,Iris Purple,Medium
"OPPO A55 (Starry Black, 64 GB)",Oppo,14490,4.3,673,62,4 GB,64 GB,A55 ,Starry Black,Medium
"Redmi Note 11 (Space Black, 128 GB)",Redmi,15884,4.2,9161,718,6 GB,128 GB,Note 11 ,Space Black,High
"itel vision 1 pro (AURORA BLUE, 32 GB)",Itel,5889,4.0,387,36,2 GB,32 GB,vision 1 pro ,AURORA BLUE,Low
itel Power 100 New,Itel,1315,4.2,786,55,4 MB,4 MB,Power 100 New,,Low
"OPPO A57 (Glowing Green, 64 GB)",Oppo,13999,4.4,1999,101,4 GB,64 GB,A57 ,Glowing Green,Medium
"REDMI 11 Prime 5G (Meadow Green, 128 GB)",Redmi,16999,4.2,174,15,6 GB,128 GB,11 Prime 5G ,Meadow Green,High
"SAMSUNG M53 5G (Mystique Green, 128 GB)",Samsung,24790,4.2,421,42,6 GB,128 GB,M53 5G ,Mystique Green,High
"realme Narzo 30 5G (Racing Silver, 128 GB)",Realme,16999,4.3,84215,7331,6 GB,128 GB,Narzo 30 5G ,Racing Silver,High
itel IT2163,Itel,999,4.0,12591,1043,4 MB,4 MB,IT2163,,Low
"vivo Y15c (Wave Green, 32 GB)",Vivo,9798,4.1,1047,75,3 GB,32 GB,Y15c ,Wave Green,Medium
"SAMSUNG GALAXY M13 5G (Midnight Blue, 64 GB)",Samsung,13880,3.9,183,10,4 GB,64 GB,GALAXY M13 5G ,Midnight Blue,Medium
"Tecno Pova 3 (Eco Black, 128 GB)",Tecno,13955,4.1,170,12,6 GB,128 GB,Pova 3 ,Eco Black,Medium
"OPPO A57 (Glowing Black, 64 GB)",Oppo,13999,4.4,1999,101,4 GB,64 GB,A57 ,Glowing Black,Medium
"Redmi Note 11 (Starburst White, 128 GB)",Redmi,15185,4.2,9161,718,6 GB,128 GB,Note 11 ,Starburst White,High
"Mi 11X (Lunar White, 128 GB)",Mi,24445,4.2,2776,268,6 GB,128 GB,11X ,Lunar White,High
"REDMI Note 11S (Polar White, 128 GB)",Redmi,16900,4.2,872,85,8 GB,128 GB,Note 11S ,Polar White,High
"Google Pixel 7 Pro (Hazel, 128 GB)",Google,84999,4.4,1376,254,12 GB,128 GB,Pixel 7 Pro ,Hazel,Very high
"vivo V25 Pro 5G (Pure Black, 128 GB)",Vivo,35999,4.3,5581,788,8 GB,128 GB,V25 Pro 5G ,Pure Black,Very high
"OPPO A16E (Midnight Black, 32 GB)",Oppo,9990,4.3,656,26,3 GB,32 GB,A16E ,Midnight Black,Medium
Lvix L115,Lvix,999,2.7,3,0,16 MB,32 MB,L115,,Low
"Redmi 6 Pro (Gold, 32 GB)",Redmi,8999,4.3,11479,832,3 GB,32 GB,6 Pro ,Gold,Medium
"realme 8s 5G (Universe Purple, 128 GB)",Realme,17999,4.4,76378,6205,6 GB,128 GB,8s 5G ,Universe Purple,High
"IQOO Neo 6 5G (Dark Nova, 256 GB)",Iqoo,34889,4.4,289,35,12 GB,256 GB,Neo 6 5G ,Dark Nova,Very high
"realme 8s 5G (Universe Purple, 128 GB)",Realme,19999,4.4,53580,4789,8 GB,128 GB,8s 5G ,Universe Purple,High
"realme GT Master Edition (Cosmos Black, 128 GB)",Realme,27999,4.3,61530,6559,8 GB,128 GB,GT Master Edition ,Cosmos Black,High
"Redmi 9A (Midnight Black, 32 GB)",Redmi,7789,4.3,21404,1284,2 GB,32 GB,9A ,Midnight Black,Medium
"OnePlus 10R 5G (Forest Green, 256 GB)",Oneplus,38302,4.2,775,58,12 GB,256 GB,10R 5G ,Forest Green,Very high
"REDMI Note 10 Lite (Glacier White, 128 GB)",Redmi,14399,4.3,843,67,6 GB,128 GB,Note 10 Lite ,Glacier White,Medium
"OPPO A16 (Royal Gold, 64 GB)",Oppo,12990,4.3,3670,262,4 GB,64 GB,A16 ,Royal Gold,Medium
"SAMSUNG S20 FE 5G (Cloud Lavender, 128 GB)",Samsung,35599,4.2,3658,419,8 GB,128 GB,S20 FE 5G ,Cloud Lavender,Very high
"REDMI Note 11 Pro (Stealth Black, 128 GB)",Redmi,20199,4.1,631,45,8 GB,128 GB,Note 11 Pro ,Stealth Black,High
"OPPO A77 (Sky Blue, 64 GB)",Oppo,15499,4.3,222,11,4 GB,64 GB,A77 ,Sky Blue,High
"REDMI Note 11S (Polar White, 64 GB)",Redmi,16499,4.2,2082,170,6 GB,64 GB,Note 11S ,Polar White,High
"REDMI 11 Prime 5G (Chrome Silver, 64 GB)",Redmi,12999,4.2,791,57,4 GB,64 GB,11 Prime 5G ,Chrome Silver,Medium
"Infinix Note 11s (Haze Green, 64 GB)",Infinix,13999,4.3,11787,1562,6 GB,64 GB,Note 11s ,Haze Green,Medium
Kechaoda K33,Kechaoda,1124,4.0,8248,552,32 MB,32 MB,K33,,Low
"POCO M3 (Yellow, 64 GB)",Poco,11999,4.3,124433,8927,4 GB,64 GB,M3 ,Yellow,Medium
Nokia 110 DS,Nokia,1746,3.9,472,27,4 MB,32 MB,110 DS,,Low
"vivo Y21T (Midnight Blue, 128 GB)",Vivo,15499,4.4,1514,108,4 GB,128 GB,Y21T ,Midnight Blue,High
KARBONN KX3S,Karbonn,1085,4.0,26,0,32 MB,32 MB,KX3S,,Low
"Nokia 5.4 (Dusk, 64 GB)",Nokia,12489,3.9,3716,565,4 GB,64 GB,5.4 ,Dusk,Medium
"realme C25Y (Glacier Blue, 64 GB)",Realme,10999,4.4,137899,5921,4 GB,64 GB,C25Y ,Glacier Blue,Medium
"APPLE iPhone 14 Pro Max (Silver, 128 GB)",Apple,139900,4.7,418,44,128 GB,Not Known,iPhone 14 Pro Max ,Silver,Very high
"OPPO F21SPRO (Orange, 128 GB)",Oppo,21989,4.1,20,0,8 GB,128 GB,F21SPRO ,Orange,High
"Infinix Hot 11S (Polar Black, 64 GB)",Infinix,10999,4.3,48526,5194,4 GB,64 GB,Hot 11S ,Polar Black,Medium
"SAMSUNG Galaxy A23 (Peach, 128 GB)",Samsung,18499,4.2,725,48,6 GB,128 GB,Galaxy A23 ,Peach,High
"Infinix Note 7 (Forest Green, 64 GB)",Infinix,14999,4.3,25446,2544,4 GB,64 GB,Note 7 ,Forest Green,Medium
"realme C25s (Watery Grey, 128 GB)",Realme,11999,4.4,50559,2933,4 GB,128 GB,C25s ,Watery Grey,Medium
Kechaoda K05,Kechaoda,1199,4.1,43,3,512 MB,32 MB,K05,,Low
LAVA LF9000,Lava,1880,4.3,18,0,20 MB,20 MB,LF9000,,Low
LAVA LF9000,Lava,1890,4.3,18,0,20 MB,20 MB,LF9000,,Low
"MOTOROLA Edge 30 Pro (Stardust White, 128 GB)",Motorola,34999,4.0,1010,179,8 GB,128 GB,Edge 30 Pro ,Stardust White,Very high
"OPPO K10 5G (Midnight Black, 128 GB)",Oppo,16499,4.4,52584,4032,8 GB,128 GB,K10 5G ,Midnight Black,High
"REDMI 11 Prime 5G (Thunder Black, 64 GB)",Redmi,13996,4.2,791,57,4 GB,64 GB,11 Prime 5G ,Thunder Black,Medium
"Infinix Note 10 (Emerald Green, 128 GB)",Infinix,12499,4.3,51466,5807,6 GB,128 GB,Note 10 ,Emerald Green,Medium
"REDMI 11 Prime 5G (Thunder Black, 128 GB)",Redmi,15880,4.2,174,15,6 GB,128 GB,11 Prime 5G ,Thunder Black,High
"SAMSUNG Galaxy F12 (Sky Blue, 64 GB)",Samsung,10499,4.3,297273,23471,4 GB,64 GB,Galaxy F12 ,Sky Blue,Medium
"Redmi 9A Sport (Metallic Blue, 32 GB)",Redmi,7397,4.2,5872,437,3 GB,32 GB,9A Sport ,Metallic Blue,Low
"Tecno Spark 8C (Turquoise Cyan, 64 GB)",Tecno,8998,4.2,99,9,4 GB,64 GB,Spark 8C ,Turquoise Cyan,Medium
"LAVA Z2 Max (Stroked Blue, 32 GB)",Lava,7799,4.1,296,55,2 GB,32 GB,Z2 Max ,Stroked Blue,Medium
LAVA Flip,Lava,2019,4.2,1423,116,56 MB,56 MB,Flip,,Low
"SAMSUNG Galaxy A13 (Black, 64 GB)",Samsung,14499,4.1,635,47,4 GB,64 GB,Galaxy A13 ,Black,Medium
"REDMI Note 11 Pro (Stealth Black, 128 GB)",Redmi,17980,4.2,978,80,6 GB,128 GB,Note 11 Pro ,Stealth Black,High
Micromax X749,Micromax,1350,4.0,7210,825,32 MB,32 MB,X749,,Low
"APPLE iPhone 12 (Blue, 128 GB)",Apple,57999,4.6,185701,12675,128 GB,Not Known,iPhone 12 ,Blue,Very high
"realme C11 (Rich Grey, 32 GB)",Realme,8999,4.4,458868,29531,2 GB,32 GB,C11 ,Rich Grey,Medium
"10 Prime (Phantom Black, 128 GB)",10,14100,4.4,34,6,6 GB,128 GB,Prime ,Phantom Black,Medium
"APPLE iPhone 12 (Red, 128 GB)",Apple,57999,4.6,185701,12675,128 GB,Not Known,iPhone 12 ,Red,Very high
Snexian GURU 2163,Snexian,749,3.6,127,10,32 MB,32 MB,GURU 2163,,Low
"Redmi Note 11 PRO Plus 5G (Mirage Blue, 128 GB)",Redmi,20464,4.2,5366,457,6 GB,128 GB,Note 11 PRO Plus 5G ,Mirage Blue,High
itel MagicX Pro,Itel,2699,3.8,43,12,64 MB,128 MB,MagicX Pro,,Low
PHILIPS Xenium E209,Philips,1475,3.8,402,48,32 MB,32 MB,Xenium E209,,Low
"Redmi 9A Sport (Coral Green, 32 GB)",Redmi,7970,4.2,5872,437,3 GB,32 GB,9A Sport ,Coral Green,Medium
"POCO F1 (Rosso Red, 64 GB)",Poco,13899,4.5,244098,30034,6 GB,64 GB,F1 ,Rosso Red,Medium
"OPPO A54 (Moonlight Gold, 128 GB)",Oppo,13999,4.4,10827,670,4 GB,128 GB,A54 ,Moonlight Gold,Medium
"APPLE iPhone 12 (Purple, 64 GB)",Apple,54499,4.6,185701,12675,64 GB,Not Known,iPhone 12 ,Purple,Very high
itel IT5026,Itel,1305,4.0,1057,99,4 MB,4 MB,IT5026,,Low
"REDMI NOTE 10 LITE (Champagne Gold, 64 GB)",Redmi,14489,4.3,2097,165,4 GB,64 GB,NOTE 10 LITE ,Champagne Gold,Medium
LAVA A9,Lava,1680,4.1,8045,807,24 MB,32 MB,A9,,Low
"Infinix Zero 5G (Cosmic Black, 128 GB)",Infinix,19999,4.2,9794,1494,8 GB,128 GB,Zero 5G ,Cosmic Black,High
"Infinix Zero 5G (Skylight Orange, 128 GB)",Infinix,19999,4.2,9794,1494,8 GB,128 GB,Zero 5G ,Skylight Orange,High
"APPLE iPhone 13 (Blue, 512 GB)",Apple,83999,4.7,177611,9781,512 GB,Not Known,iPhone 13 ,Blue,Very high
"OnePlus 10R 5G (Sierra Black, 256 GB)",Oneplus,38653,4.2,775,58,12 GB,256 GB,10R 5G ,Sierra Black,Very high
"itel Vision 3 (Deep Ocean Black, 64 GB)",Itel,6887,4.0,412,49,3 GB,64 GB,Vision 3 ,Deep Ocean Black,Low
"Mi A2 (Gold, 64 GB)",Mi,17499,4.2,34803,2909,4 GB,64 GB,A2 ,Gold,High
Micromax X809,Micromax,1335,3.8,4827,424,32 MB,32 MB,X809,,Low
I Kall K43,I,889,3.6,4356,415,32 MB,64 MB,Kall K43,,Low
"REDMI NOTE 10 LITE (Aurora Blue, 128 GB)",Redmi,14379,4.3,843,67,6 GB,128 GB,NOTE 10 LITE ,Aurora Blue,Medium
"REDMI Note 11S (Space Black, 128 GB)",Redmi,16799,4.2,2082,170,6 GB,128 GB,Note 11S ,Space Black,High
KARBONN K140 Pop,Karbonn,999,3.9,5272,458,32 MB,32 MB,K140 Pop,,Low
I Kall K20,I,1004,3.5,168,14,32 MB,32 MB,Kall K20,,Low
"realme C21Y (Cross Blue, 32 GB)",Realme,9499,4.6,89520,3077,3 GB,32 GB,C21Y ,Cross Blue,Medium
"Infinix Note 11s (Mithril Grey, 64 GB)",Infinix,13999,4.3,11787,1562,6 GB,64 GB,Note 11s ,Mithril Grey,Medium
"realme 8i (Space Black, 128 GB)",Realme,15999,4.4,69885,4887,6 GB,128 GB,8i ,Space Black,High
"Infinix Note 11s (Symphony Cyan, 64 GB)",Infinix,13999,4.3,11787,1562,6 GB,64 GB,Note 11s ,Symphony Cyan,Medium
"REDMI K50i (Quick Silver, 256 GB)",Redmi,27999,4.3,276,42,8 GB,256 GB,K50i ,Quick Silver,High
"REDMI Note 10S (Frost White, 128 GB)",Redmi,18499,4.2,7183,667,8 GB,128 GB,Note 10S ,Frost White,High
"Tecno Pop 5 LTE (Deepsea Luster, 32 GB)",Tecno,6489,4.2,667,41,2 GB,32 GB,Pop 5 LTE ,Deepsea Luster,Low
"SAMSUNG M53 5G (Deep Ocean Blue, 128 GB)",Samsung,26999,4.0,167,13,8 GB,128 GB,M53 5G ,Deep Ocean Blue,High
"OPPO A54 (Starry Blue, 64 GB)",Oppo,11949,4.4,10827,670,4 GB,64 GB,A54 ,Starry Blue,Medium
Nokia 105 ss,Nokia,1480,4.3,78456,7275,4 MB,4 MB,105 ss,,Low
Kechaoda K16,Kechaoda,1149,3.5,148,10,32 MB,64 MB,K16,,Low
"LAVA Z2 (Flame Red, 32 GB)",Lava,7999,4.1,330,57,3 GB,32 GB,Z2 ,Flame Red,Medium
"POCO F1 (Rosso Red, 64 GB)",Poco,21999,4.5,244098,30034,6 GB,64 GB,F1 ,Rosso Red,High
"OPPO A54 (Starry Blue, 128 GB)",Oppo,15990,4.3,4016,228,6 GB,128 GB,A54 ,Starry Blue,High
Kechaoda K200,Kechaoda,1270,4.0,112,5,32 MB,32 MB,K200,,Low
